e, e_dot, e_int, stamp, 
1.6034748772082386, 0.0, 0.3206949754416477, 89705000000, 
1.6034748772082386, 0.0, 0.3206949754416477, 89705000000, 
1.6034748772082386, 0.0, 0.3206949754416477, 89705000000, 
1.6034748772082386, 0.0, 0.3206949754416477, 89705000000, 
1.5669105656587425, -0.12188103849832006, 0.3182573546716813, 93819000000, 
1.5649856303193652, -0.1282974896295778, 0.31569140487908975, 93853000000, 
1.6121982789896332, 0.15095904443630218, 0.3162729649978494, 93887000000, 
1.6040748430678653, 0.1302973758283336, 0.31875058349179086, 93921000000, 
1.6032953528276062, -0.02967642054009012, 0.32130456499234034, 93955000000, 
1.6029522418971303, -0.003742003902450127, 0.32068816251950677, 93989000000, 
1.6021699095181987, -0.0037514776980248263, 0.32056116694952896, 94023000000, 
1.6011013745553326, -0.00616955780599208, 0.32041490173137743, 94057000000, 
1.5998071379757177, -0.007875905141603301, 0.3202052281366166, 94091000000, 
1.5985019607053816, -0.008664712833169977, 0.3199606982157621, 94125000000, 
1.597113251343867, -0.008979622106168872, 0.31969482333499777, 94159000000, 
1.5953923481470547, -0.010365375194423265, 0.3194005040130869, 94193000000, 
1.5923614121573555, -0.015839463955038546, 0.31899113410988517, 94227000000, 
1.5907184873771802, -0.015579535899581387, 0.31856481651210605, 94261000000, 
1.5893410698093018, -0.010067807826845687, 0.3181613979562558, 94295000000, 
1.5862538927430536, -0.014881982113755429, 0.3177542299953024, 94329000000, 
1.5839098899054547, -0.01810393301282372, 0.31730032349718734, 94363000000, 
1.582617245052995, -0.012122158966862232, 0.3168520685134335, 94397000000, 
1.5815809077907705, -0.007763273715613768, 0.3165405361832814, 94431000000, 
1.5789775737721092, -0.012132237602952381, 0.316211715107725, 94465000000, 
1.5780091114437913, -0.01190598782326413, 0.31590450620044475, 94499000000, 
1.5769761284275838, -0.006671484481751329, 0.31559752090956567, 94533000000, 
1.5769761284275838, -0.003443276720691557, 0.31546409121993063, 94533000000, 
1.5743279688487712, -0.008827198596041974, 0.3152186817135959, 94567000000, 
1.5743279688487712, -0.008827198596041974, 0.31504213774167505, 94567000000, 
1.572649951772691, -0.005593390253600579, 0.3147537259646822, 94601000000, 
1.5703435763836064, -0.013281308217215996, 0.3144880998003379, 94635000000, 
1.5703435763836064, -0.0076879179636154165, 0.3142224736359936, 94635000000, 
1.5683550149941405, -0.006628537964886346, 0.3139361445174236, 94669000000, 
1.5683550149941405, -0.006628537964886346, 0.31380357375812584, 94669000000, 
1.5661652583482528, -0.007299188819625731, 0.3135250192224356, 94703000000, 
1.5661652583482528, -0.007299188819625731, 0.31337903544604306, 94703000000, 
1.563726358160341, -0.008129667293039766, 0.31307045832378977, 94737000000, 
1.563726358160341, -0.008129667293039766, 0.312907864977929, 94737000000, 
1.5617050726734416, -0.006737618289664275, 0.31261051926627487, 94771000000, 
1.5617050726734416, -0.006737618289664275, 0.3124757669004816, 94771000000, 
1.5595154599706293, -0.007298709009374201, 0.31219504035450085, 94805000000, 
1.5595154599706293, -0.007298709009374201, 0.3120490661743133, 94805000000, 
1.5573547466690976, -0.007202377671772601, 0.3117590444406904, 94839000000, 
1.5573547466690976, -0.007202377671772601, 0.31161499688725497, 94839000000, 
1.5551333223930583, -0.007404747586797396, 0.31132285438208357, 94873000000, 
1.55216213449828, -0.01730870723605819, 0.3109766802373624, 94907000000, 
1.550594469068188, -0.015129511082900837, 0.31052599506396844, 94941000000, 
1.5485944795282234, -0.011892183233522443, 0.3100900722063128, 94975000000, 
1.5469725055741708, -0.012073211646724443, 0.3097440969447055, 95009000000, 
1.5469725055741708, -0.005406579846842045, 0.30950263271177103, 95009000000, 
1.5438549731498854, -0.010391774747617877, 0.3091866656198818, 95043000000, 
1.54211806473543, -0.016181469462469195, 0.3088630362306324, 95077000000, 
1.5398341380855318, -0.013402783547845262, 0.3083871450647231, 95111000000, 
1.5382364816763214, -0.012938610197028577, 0.30801257896648554, 95145000000, 
1.5382364816763214, -0.0053255213640346355, 0.30775380676254493, 95145000000, 
1.5363903699284573, -0.006153705826213625, 0.30752422221874004, 95179000000, 
1.5347894776489341, -0.011490013424624301, 0.3072944219502476, 95213000000, 
1.5328939665432055, -0.011654677950839373, 0.30693825427470645, 95247000000, 
1.5328939665432055, -0.006318370352428697, 0.3067051607156897, 95247000000, 
1.5301618879375474, -0.009106928685527205, 0.30639665473493055, 95281000000, 
1.5279760872269006, -0.016392931054349802, 0.3060687961138435, 95315000000, 
1.5279760872269006, -0.007286002368822597, 0.3057409374927566, 95315000000, 
1.525791335566458, -0.007282505534808396, 0.3054495673346839, 95349000000, 
1.525791335566458, -0.007282505534808396, 0.30530391722398775, 95349000000, 
1.523385285663469, -0.008020166343296609, 0.3049978637864257, 95383000000, 
1.523385285663469, -0.008020166343296609, 0.30483746045955973, 95383000000, 
1.5214647271029857, -0.00640186186827781, 0.30454901989532823, 95417000000, 
1.5214647271029857, -0.00640186186827781, 0.3044209826579627, 95417000000, 
1.5193141519874416, -0.007168583718480577, 0.30414957374622753, 95451000000, 
1.5180009232552096, -0.011546012825920382, 0.30391865348970915, 95485000000, 
1.5180009232552096, -0.004377429107439805, 0.3036877332331907, 95485000000, 
1.5180009232552096, 0.0, 0.3036001846510419, 95485000000, 
1.5149443625444072, -0.010188535702674676, 0.3033964139369884, 95519000000, 
1.5149443625444072, -0.010188535702674676, 0.3031926432229349, 95519000000, 
1.5149443625444072, 0.0, 0.30298887250888146, 95519000000, 
1.5134090229212342, -0.00511779874390994, 0.3028865165340032, 95553000000, 
1.5134090229212342, -0.00511779874390994, 0.30278416055912505, 95553000000, 
1.511937969903901, -0.004903510057777301, 0.30258373438309133, 95587000000, 
1.511937969903901, -0.004903510057777301, 0.3024856641819358, 95587000000, 
1.5092269395888036, -0.009036767716991504, 0.30220685862644037, 95621000000, 
1.5077618617353175, -0.013920360561945344, 0.30192845141520147, 95655000000, 
1.5077618617353175, -0.0048835928449538395, 0.3016500442039626, 95655000000, 
1.5055301753664496, -0.0074389545628927856, 0.3014035932558057, 95689000000, 
1.5055301753664496, -0.0074389545628927856, 0.30125481416454775, 95689000000, 
1.503603628290103, -0.006421823587821803, 0.30097759860153345, 95723000000, 
1.503603628290103, -0.006421823587821803, 0.300849162129777, 95723000000, 
1.5009884140996643, -0.008717380634795843, 0.3005463780453247, 95757000000, 
1.4998316254511166, -0.012573342796621626, 0.3002949111893923, 95791000000, 
1.4998316254511166, -0.003855962161825784, 0.3000434443334598, 95791000000, 
1.4998316254511166, 0.0, 0.2999663250902233, 95791000000, 
1.4974024528038383, -0.00809724215759422, 0.2998043802470714, 95825000000, 
1.4974024528038383, -0.00809724215759422, 0.29964243540391955, 95825000000, 
1.4974024528038383, 0.0, 0.2994804905607677, 95825000000, 
1.4974024528038383, 0.0, 0.2994804905607677, 95825000000, 
1.495225472304559, -0.007256601664264266, 0.2993353585274824, 95859000000, 
1.495225472304559, -0.007256601664264266, 0.29919022649419713, 95859000000, 
1.495225472304559, 0.0, 0.29904509446091176, 95859000000, 
1.4935134615678411, -0.005706702455726316, 0.2989309604117973, 95893000000, 
1.4935134615678411, -0.005706702455726316, 0.29881682636268275, 95893000000, 
1.4935134615678411, 0.0, 0.2987026923135682, 95893000000, 
1.4935134615678411, 0.0, 0.2987026923135682, 95893000000, 
1.4935134615678411, 0.0, 0.2987026923135682, 95893000000, 
1.4911794946472112, -0.007779889735433088, 0.2985470945188596, 95927000000, 
1.4911794946472112, -0.007779889735433088, 0.29839149672415094, 95927000000, 
1.4897628653662827, -0.004722097603095203, 0.29814145697738037, 95961000000, 
1.4897628653662827, -0.004722097603095203, 0.29804701502531844, 95961000000, 
1.4897628653662827, 0.0, 0.29795257307325657, 95961000000, 
1.4880621802367757, -0.005668950431689801, 0.2978391940646227, 95995000000, 
1.4880621802367757, -0.005668950431689801, 0.29772581505598894, 95995000000, 
1.4866483737418006, -0.00471268831658378, 0.29751818228102345, 96029000000, 
1.4866483737418006, -0.00471268831658378, 0.2974239285146918, 96029000000, 
1.4866483737418006, 0.0, 0.2973296747483601, 96029000000, 
1.483753461041178, -0.00964970900207529, 0.2971366805683186, 96063000000, 
1.483753461041178, -0.00964970900207529, 0.29694368638827706, 96063000000, 
1.4823517292464896, -0.004672439315627959, 0.29665724342192307, 96097000000, 
1.4823517292464896, -0.004672439315627959, 0.2965637946356105, 96097000000, 
1.4823517292464896, 0.0, 0.29647034584929793, 96097000000, 
1.4823517292464896, 0.0, 0.29647034584929793, 96097000000, 
1.4797088661619997, -0.008809543614966367, 0.2962941549769986, 96131000000, 
1.4797088661619997, -0.008809543614966367, 0.29611796410469926, 96131000000, 
1.4797088661619997, 0.0, 0.29594177323239995, 96131000000, 
1.4797088661619997, 0.0, 0.29594177323239995, 96131000000, 
1.4779708266029568, -0.005793465196809826, 0.29582590392846375, 96165000000, 
1.4779708266029568, -0.005793465196809826, 0.29571003462452755, 96165000000, 
1.4779708266029568, 0.0, 0.29559416532059135, 96165000000, 
1.4779708266029568, 0.0, 0.29559416532059135, 96165000000, 
1.4779708266029568, 0.0, 0.29559416532059135, 96165000000, 
1.4779708266029568, 0.0, 0.29559416532059135, 96165000000, 
1.4779708266029568, 0.0, 0.29559416532059135, 96165000000, 
1.4759015089954735, -0.006897725358277669, 0.2954562108134258, 96199000000, 
1.4759015089954735, -0.006897725358277669, 0.2953182563062603, 96199000000, 
1.4759015089954735, 0.0, 0.29518030179909466, 96199000000, 
1.4743957742774463, -0.005019115726757247, 0.2950799194845596, 96233000000, 
1.4743957742774463, -0.005019115726757247, 0.2949795371700244, 96233000000, 
1.4743957742774463, 0.0, 0.29487915485548927, 96233000000, 
1.4743957742774463, 0.0, 0.29487915485548927, 96233000000, 
1.4724439646672105, -0.006506032034119258, 0.29474903421480686, 96267000000, 
1.4724439646672105, -0.006506032034119258, 0.2946189135741245, 96267000000, 
1.4705571262396655, -0.006289461425150004, 0.2943630037049391, 96301000000, 
1.4705571262396655, -0.006289461425150004, 0.29423721447643614, 96301000000, 
1.468561788815164, -0.0066511247483380664, 0.29397840275296633, 96335000000, 
1.468561788815164, -0.0066511247483380664, 0.2938453802579996, 96335000000, 
1.468561788815164, 0.0, 0.29371235776303284, 96335000000, 
1.466681947397409, -0.006266138059183302, 0.29358703500184913, 96369000000, 
1.466681947397409, -0.006266138059183302, 0.2934617122406655, 96369000000, 
1.466681947397409, 0.0, 0.2933363894794818, 96369000000, 
1.466681947397409, 0.0, 0.2933363894794818, 96369000000, 
1.466681947397409, 0.0, 0.2933363894794818, 96369000000, 
1.4643691508201826, -0.007709321924088315, 0.293182203041, 96403000000, 
1.4643691508201826, -0.007709321924088315, 0.29302801660251826, 96403000000, 
1.4629945135855131, -0.004582124115564874, 0.2927821876817252, 96437000000, 
1.4629945135855131, -0.004582124115564874, 0.2926905451994139, 96437000000, 
1.4613475688325461, -0.005489815843223352, 0.2924891064002381, 96471000000, 
1.4613475688325461, -0.005489815843223352, 0.2923793100833737, 96471000000, 
1.4613475688325461, 0.0, 0.2922695137665092, 96471000000, 
1.4613475688325461, 0.0, 0.2922695137665092, 96471000000, 
1.459161990396842, -0.007285261452347018, 0.2921238085374623, 96505000000, 
1.459161990396842, -0.007285261452347018, 0.29197810330841534, 96505000000, 
1.459161990396842, 0.0, 0.2918323980793684, 96505000000, 
1.457416360735178, -0.0058187655388800925, 0.2917160227685908, 96539000000, 
1.457416360735178, -0.0058187655388800925, 0.2915996474578132, 96539000000, 
1.4556738599975814, -0.005808335791988768, 0.2913671054311958, 96573000000, 
1.4556738599975814, -0.005808335791988768, 0.29125093871535607, 96573000000, 
1.4536616667003697, -0.0067073109907056505, 0.29100062577970215, 96607000000, 
1.4536616667003697, -0.0067073109907056505, 0.29086647955988804, 96607000000, 
1.4536616667003697, 0.0, 0.2907323333400739, 96607000000, 
1.4517108272923402, -0.006502798026764752, 0.29060227737953864, 96641000000, 
1.4517108272923402, -0.006502798026764752, 0.2904722214190033, 96641000000, 
1.4517108272923402, 0.0, 0.2903421654584681, 96641000000, 
1.4517108272923402, 0.0, 0.2903421654584681, 96641000000, 
1.4517108272923402, 0.0, 0.2903421654584681, 96641000000, 
1.4517108272923402, 0.0, 0.2903421654584681, 96641000000, 
1.4495570713150618, -0.007179186590928015, 0.2901985817266495, 96675000000, 
1.4495570713150618, -0.007179186590928015, 0.2900549979948309, 96675000000, 
1.4495570713150618, 0.0, 0.28991141426301237, 96675000000, 
1.4495570713150618, 0.0, 0.28991141426301237, 96675000000, 
1.4495570713150618, 0.0, 0.28991141426301237, 96675000000, 
1.4481614777852068, -0.004651978432850257, 0.28981837469435534, 96709000000, 
1.4481614777852068, -0.004651978432850257, 0.28972533512569837, 96709000000, 
1.4481614777852068, 0.0, 0.28963229555704134, 96709000000, 
1.4481614777852068, 0.0, 0.28963229555704134, 96709000000, 
1.4463880759243637, -0.005911339536143571, 0.28951406876631847, 96743000000, 
1.4463880759243637, -0.005911339536143571, 0.2893958419755956, 96743000000, 
1.4445163546506303, -0.00623907091244454, 0.2891528337666238, 96777000000, 
1.4431834221622784, -0.010682179206951137, 0.2889391901824849, 96811000000, 
1.4431834221622784, -0.0044431082945065965, 0.28872554659834576, 96811000000, 
1.4411570379584795, -0.006754614012662863, 0.2885015921522024, 96845000000, 
1.4411570379584795, -0.006754614012662863, 0.2883664998719491, 96845000000, 
1.4411570379584795, 0.0, 0.2882314075916959, 96845000000, 
1.438922259590496, -0.007449261226611566, 0.2880824223671637, 96879000000, 
1.438922259590496, -0.007449261226611566, 0.2879334371426314, 96879000000, 
1.437332609680766, -0.0052988330324336514, 0.28767847525745055, 96913000000, 
1.437332609680766, -0.0052988330324336514, 0.2875724985968019, 96913000000, 
1.437332609680766, 0.0, 0.2874665219361532, 96913000000, 
1.437332609680766, 0.0, 0.2874665219361532, 96913000000, 
1.4354302891279067, -0.006341068509530719, 0.2873397005659626, 96947000000, 
1.4354302891279067, -0.006341068509530719, 0.28721287919577193, 96947000000, 
1.4354302891279067, 0.0, 0.28708605782558133, 96947000000, 
1.4354302891279067, 0.0, 0.28708605782558133, 96947000000, 
1.4354302891279067, 0.0, 0.28708605782558133, 96947000000, 
1.4354302891279067, 0.0, 0.28708605782558133, 96947000000, 
1.4354302891279067, 0.0, 0.28708605782558133, 96947000000, 
1.4354302891279067, 0.0, 0.28708605782558133, 96947000000, 
1.4328499818219065, -0.008601024353334097, 0.28691403733851467, 96981000000, 
1.4328499818219065, -0.008601024353334097, 0.28674201685144796, 96981000000, 
1.4328499818219065, 0.0, 0.2865699963643813, 96981000000, 
1.4317490272607283, -0.0036698485372606746, 0.2864965993936361, 97015000000, 
1.4317490272607283, -0.0036698485372606746, 0.2864232024228909, 97015000000, 
1.4317490272607283, 0.0, 0.2863498054521456, 97015000000, 
1.4303870753123569, -0.004539839827904697, 0.28625900865558757, 97049000000, 
1.4303870753123569, -0.004539839827904697, 0.2861682118590295, 97049000000, 
1.4286631486528663, -0.005746422198302052, 0.2859624866185053, 97083000000, 
1.4286631486528663, -0.005746422198302052, 0.2858475581745393, 97083000000, 
1.4266793307777117, -0.006612726250515196, 0.285600375205563, 97117000000, 
1.4253802921030403, -0.010942855166086543, 0.2853815181022412, 97151000000, 
1.4253802921030403, -0.004330128915571348, 0.28516266099891946, 97151000000, 
1.4235128350018504, -0.006224857003966171, 0.2849515612805288, 97185000000, 
1.4235128350018504, -0.006224857003966171, 0.2848270641404494, 97185000000, 
1.422068808696835, -0.004813421016718333, 0.2846062985800357, 97219000000, 
1.422068808696835, -0.004813421016718333, 0.2845100301597014, 97219000000, 
1.422068808696835, 0.0, 0.28441376173936694, 97219000000, 
1.419174590453316, -0.00964739414506329, 0.2842208138564657, 97253000000, 
1.418918192207469, -0.01050205496455329, 0.2840107727571747, 97287000000, 
1.418918192207469, -0.0008546608194900015, 0.2838007316578836, 97287000000, 
1.418918192207469, 0.0, 0.2837836384414938, 97287000000, 
1.4159410252326896, -0.009923889915931147, 0.2835851606431751, 97321000000, 
1.4159410252326896, -0.009923889915931147, 0.2833866828448565, 97321000000, 
1.4159410252326896, 0.0, 0.2831882050465379, 97321000000, 
1.4145639248324322, -0.004590334667524676, 0.28309639835318745, 97355000000, 
1.4145639248324322, -0.004590334667524676, 0.28300459165983693, 97355000000, 
1.412981641003427, -0.0052742794300172, 0.28280729937788607, 97389000000, 
1.412981641003427, -0.0052742794300172, 0.28270181378928577, 97389000000, 
1.412981641003427, 0.0, 0.2825963282006854, 97389000000, 
1.4106368893461225, -0.007815838857681742, 0.28244001142353176, 97423000000, 
1.4106368893461225, -0.007815838857681742, 0.28228369464637815, 97423000000, 
1.409067933763194, -0.005229851943095258, 0.2820227808303626, 97457000000, 
1.4077544925835948, -0.009607989208425908, 0.2818306210461941, 97491000000, 
1.4077544925835948, -0.0043781372653306505, 0.2816384612620255, 97491000000, 
1.4063942105764182, -0.004534273357255092, 0.2814602130495738, 97525000000, 
1.4063942105764182, -0.004534273357255092, 0.2813695275824288, 97525000000, 
1.4046369152834142, -0.005857650976680191, 0.28116168909575007, 97559000000, 
1.4046369152834142, -0.005857650976680191, 0.2810445360762165, 97559000000, 
1.4026860393312324, -0.006502919840605988, 0.2807973246598707, 97593000000, 
1.4026860393312324, -0.006502919840605988, 0.2806672662630586, 97593000000, 
1.400590736267527, -0.006984343545684742, 0.28039752099533277, 97627000000, 
1.3993510053423945, -0.011116779962792775, 0.28017518539607694, 97661000000, 
1.3993510053423945, -0.004132436417108032, 0.27995284979682106, 97661000000, 
1.3993510053423945, 0.0, 0.27987020106847893, 97661000000, 
1.3971187022915101, -0.007441010169614663, 0.27972138086508663, 97695000000, 
1.3971187022915101, -0.007441010169614663, 0.2795725606616943, 97695000000, 
1.3952933746201144, -0.0060844255713192, 0.27930205194687563, 97729000000, 
1.3952933746201144, -0.0060844255713192, 0.2791803634354492, 97729000000, 
1.394310841734776, -0.003275109617794462, 0.278993172731667, 97763000000, 
1.394310841734776, -0.003275109617794462, 0.27892767053931106, 97763000000, 
1.3927415302912352, -0.005231038145136295, 0.27875754758405247, 97797000000, 
1.3927415302912352, -0.005231038145136295, 0.2786529268211497, 97797000000, 
1.3927415302912352, 0.0, 0.27854830605824704, 97797000000, 
1.3902510248787743, -0.008301684708202917, 0.27838227236408297, 97831000000, 
1.3902510248787743, -0.008301684708202917, 0.2782162386699189, 97831000000, 
1.3887935379303167, -0.004858289828191993, 0.277953039179191, 97865000000, 
1.3873374834443797, -0.009711804781315317, 0.2777588030835647, 97899000000, 
1.3873374834443797, -0.004853514953123324, 0.27756456698793835, 97899000000, 
1.3873374834443797, 0.0, 0.2774674966888759, 97899000000, 
1.3853988088866513, -0.006462248525761123, 0.2773382517183607, 97933000000, 
1.3836162148472158, -0.012404228657213098, 0.27709016714521645, 97967000000, 
1.3821307747906693, -0.010893446986606955, 0.27674305323496906, 98001000000, 
1.3821307747906693, -0.0049514668551549805, 0.276525184295237, 98001000000, 
1.3804080111950396, -0.005742545318765391, 0.2763113040517586, 98035000000, 
1.3804080111950396, -0.005742545318765391, 0.2761964531453832, 98035000000, 
1.3804080111950396, 0.0, 0.2760816022390079, 98035000000, 
1.3789752185060646, -0.0047759756299166805, 0.27598608272640957, 98069000000, 
1.3789752185060646, -0.0047759756299166805, 0.2758905632138112, 98069000000, 
1.377785721636497, -0.003964989565225323, 0.27571574390990844, 98103000000, 
1.377785721636497, -0.003964989565225323, 0.2756364441186039, 98103000000, 
1.377785721636497, 0.0, 0.2755571443272994, 98103000000, 
1.3765526310320246, -0.004110302014908029, 0.2754749382870012, 98137000000, 
1.3765526310320246, -0.004110302014908029, 0.2753927322467031, 98137000000, 
1.3765526310320246, 0.0, 0.2753105262064049, 98137000000, 
1.3741373976141722, -0.00805077805950812, 0.27514951064521476, 98171000000, 
1.3741373976141722, -0.00805077805950812, 0.2749884950840246, 98171000000, 
1.372727161194641, -0.004700788065103989, 0.27473346376153235, 98205000000, 
1.372727161194641, -0.004700788065103989, 0.27463944800023027, 98205000000, 
1.372727161194641, 0.0, 0.2745454322389282, 98205000000, 
1.3710823527690672, -0.005482694751912653, 0.27443577834388994, 98239000000, 
1.3710823527690672, -0.005482694751912653, 0.2743261244488517, 98239000000, 
1.3710823527690672, 0.0, 0.2742164705538135, 98239000000, 
1.3695413936330016, -0.0051365304535518535, 0.2741137399447424, 98273000000, 
1.3695413936330016, -0.0051365304535518535, 0.27401100933567135, 98273000000, 
1.368330510048505, -0.004036278614988713, 0.2738275531543006, 98307000000, 
1.368330510048505, -0.004036278614988713, 0.27374682758200075, 98307000000, 
1.3664242211720257, -0.006354296254931224, 0.2735390160846024, 98341000000, 
1.3648961729052609, -0.011447790477480494, 0.2733100602750528, 98375000000, 
1.3648961729052609, -0.00509349422254927, 0.27308110446550315, 98375000000, 
1.3636982560636501, -0.003993056138702489, 0.27289937345827814, 98409000000, 
1.3636982560636501, -0.003993056138702489, 0.27281951233550406, 98409000000, 
1.3616733167868014, -0.006749797589495898, 0.27260465526094013, 98443000000, 
1.3605264899020473, -0.010572553872009541, 0.2723932041834999, 98477000000, 
1.3588774015694647, -0.009319717391122287, 0.27207181388388757, 98511000000, 
1.3577390787544965, -0.00929137049183589, 0.2718095313484005, 98545000000, 
1.3561023264356507, -0.00925025044604677, 0.27151458711730747, 98579000000, 
1.3561023264356507, -0.005455841062819526, 0.2713295821083865, 98579000000, 
1.353974986035251, -0.0070911346679987846, 0.2710786425937702, 98613000000, 
1.3528514796246511, -0.010836156036665065, 0.27086191947303684, 98647000000, 
1.3528514796246511, -0.003745021368666279, 0.27064519635230355, 98647000000, 
1.3509656482217751, -0.006286104676253383, 0.27044457383140513, 98681000000, 
1.3509656482217751, -0.006286104676253383, 0.27031885173788006, 98681000000, 
1.3493110009810085, -0.0055154908025552745, 0.27008281982830395, 98715000000, 
1.3481552278531068, -0.009368067895560994, 0.26989545847039265, 98749000000, 
1.3481552278531068, -0.0038525770930057193, 0.26970809711248145, 98749000000, 
1.3481552278531068, 0.0, 0.26963104557062134, 98749000000, 
1.3481552278531068, 0.0, 0.26963104557062134, 98749000000, 
1.346340227238972, -0.006050002047116217, 0.26951004552967905, 98783000000, 
1.346340227238972, -0.006050002047116217, 0.2693890454887367, 98783000000, 
1.344532837677658, -0.006024631871046626, 0.2691475528103735, 98817000000, 
1.344532837677658, -0.006024631871046626, 0.2690270601729525, 98817000000, 
1.3436124092268862, -0.00306809483590594, 0.2688452056388135, 98851000000, 
1.3422106838354877, -0.007740512807234238, 0.2686903953826688, 98885000000, 
1.3422106838354877, -0.004672417971328298, 0.2685355851265241, 98885000000, 
1.3422106838354877, 0.0, 0.26844213676709755, 98885000000, 
1.3403785789652911, -0.006107016233988609, 0.2683199964424177, 98919000000, 
1.3403785789652911, -0.006107016233988609, 0.268197856117738, 98919000000, 
1.3403785789652911, 0.0, 0.2680757157930582, 98919000000, 
1.338600695072629, -0.00592627964220697, 0.2679571902002141, 98953000000, 
1.338600695072629, -0.00592627964220697, 0.26783866460737, 98953000000, 
1.338600695072629, 0.0, 0.2677201390145258, 98953000000, 
1.3373045384932778, -0.004320521931170755, 0.2676337285759024, 98987000000, 
1.3363134949398918, -0.007624000442457331, 0.26748124856705324, 99021000000, 
1.3363134949398918, -0.0033034785112865763, 0.26732876855820403, 99021000000, 
1.3345902821584696, -0.005744042604740596, 0.2671478181358835, 99055000000, 
1.3345902821584696, -0.005744042604740596, 0.26703293728378874, 99055000000, 
1.33292477688006, -0.005551684261365282, 0.26680702274646667, 99089000000, 
1.3317347871987242, -0.00951831653248488, 0.2666166564158169, 99123000000, 
1.3317347871987242, -0.003966632271119597, 0.2664262900851672, 99123000000, 
1.3317347871987242, 0.0, 0.26634695743974485, 99123000000, 
1.3302516833925748, -0.004943679353831183, 0.2662480838526682, 99157000000, 
1.3302516833925748, -0.004943679353831183, 0.2661492102655916, 99157000000, 
1.3290704420721684, -0.00393747106802141, 0.26597158725715453, 99191000000, 
1.3276820898329584, -0.008565311865387967, 0.26580028101984676, 99225000000, 
1.3276820898329584, -0.004627840797366556, 0.265628974782539, 99225000000, 
1.3257543714796363, -0.00642572784440724, 0.26540790340970355, 99259000000, 
1.3257543714796363, -0.00642572784440724, 0.2652793888528154, 99259000000, 
1.3242547118524286, -0.004998865424025538, 0.2650508969874467, 99293000000, 
1.3242547118524286, -0.004998865424025538, 0.2649509196789662, 99293000000, 
1.3229293183567976, -0.004417978318769962, 0.2647625828041103, 99327000000, 
1.321691520091302, -0.008543972537088754, 0.26459170335336857, 99361000000, 
1.3208285403425413, -0.007002593380854479, 0.2643632919193761, 99395000000, 
1.3208285403425413, -0.002876599162535687, 0.26422324005175896, 99395000000, 
1.3187767702331064, -0.00683923369811638, 0.2640289233945459, 99429000000, 
1.3176389399410888, -0.010632001338174804, 0.2638162833677824, 99463000000, 
1.3176389399410888, -0.0037927676400584254, 0.26360364334101893, 99463000000, 
1.316303381304399, -0.004451862122299606, 0.2634387507457718, 99497000000, 
1.3148508094076454, -0.009293768444811334, 0.26325287537687553, 99531000000, 
1.3148508094076454, -0.004841906322511728, 0.2630670000079793, 99531000000, 
1.3132031801898576, -0.00549209739262609, 0.2628603199336766, 99565000000, 
1.311965859637782, -0.00961649923287844, 0.262667989949019, 99599000000, 
1.3107714494219143, -0.008105769226477802, 0.2623960326166369, 99633000000, 
1.3107714494219143, -0.003981367386225454, 0.2622339172321073, 99633000000, 
1.3093448211817256, -0.004755427467295625, 0.2620591813350369, 99667000000, 
1.3081609636887308, -0.008701619110611514, 0.2618851489528247, 99701000000, 
1.306906559169371, -0.008127540041182138, 0.26162748960265514, 99735000000, 
1.306906559169371, -0.004181348397866251, 0.26146493880183147, 99735000000, 
1.305151626022228, -0.005849777157143077, 0.2612643162907313, 99769000000, 
1.305151626022228, -0.005849777157143077, 0.2611473207475885, 99769000000, 
1.3039885796770816, -0.003876821150488041, 0.2609527887814358, 99803000000, 
1.3031775735655093, -0.006580174855728889, 0.26082118528432124, 99837000000, 
1.3031775735655093, -0.0027033537052408483, 0.2606895817872067, 99837000000, 
1.301402966090914, -0.005915358248650786, 0.26051720754812885, 99871000000, 
1.3002175804197738, -0.009866643819118615, 0.2603198746717465, 99905000000, 
1.3002175804197738, -0.003951285570467829, 0.2601225417953641, 99905000000, 
1.2989235132953616, -0.004313557081373857, 0.25995724494232725, 99939000000, 
1.2989235132953616, -0.004313557081373857, 0.2598709738006998, 99939000000, 
1.2989235132953616, 0.0, 0.25978470265907233, 99939000000, 
1.2975618587025604, -0.004538848642670808, 0.2596939256862189, 99973000000, 
1.2975618587025604, -0.004538848642670808, 0.2596031487133655, 99973000000, 
1.2961337372312163, -0.004760404904480264, 0.25941716364242245, 100007000000, 
1.295572777649264, -0.006630270177654385, 0.25928455823886937, 100041000000, 
1.295572777649264, -0.0018698652731741205, 0.2591519528353163, 100041000000, 
1.295572777649264, 0.0, 0.2591145555298528, 100041000000, 
1.2934462669027496, -0.007088369155048291, 0.25897278814675184, 100075000000, 
1.291860456516356, -0.012374403776359936, 0.25872530007122463, 100109000000, 
1.2904670098271653, -0.009930856918614062, 0.2583849155497514, 100143000000, 
1.2904670098271653, -0.004644822297302416, 0.25818629841137913, 100143000000, 
1.2897380962238594, -0.0024297120110198613, 0.25804480772521265, 100177000000, 
1.2897380962238594, -0.0024297120110198613, 0.25799621348499224, 100177000000, 
1.2888301500869785, -0.0030264871229361092, 0.25788708950231315, 100211000000, 
1.2888301500869785, -0.0030264871229361092, 0.2578265597598544, 100211000000, 
1.2888301500869785, 0.0, 0.25776603001739573, 100211000000, 
1.2873839914394685, -0.004820528825033588, 0.25766961944089506, 100245000000, 
1.2873839914394685, -0.004820528825033588, 0.25757320886439433, 100245000000, 
1.286310765493298, -0.0035774198205684726, 0.25740524989148234, 100279000000, 
1.286310765493298, -0.0035774198205684726, 0.25733370149507095, 100279000000, 
1.2851334202701934, -0.003924484077015104, 0.2571836634171193, 100313000000, 
1.2851334202701934, -0.003924484077015104, 0.25710517373557895, 100313000000, 
1.2838223643854796, -0.0043701862823793585, 0.2569392803283911, 100347000000, 
1.2838223643854796, -0.0043701862823793585, 0.2568518766027435, 100347000000, 
1.2827666929031978, -0.0035189049409393527, 0.25669409477827715, 100381000000, 
1.2827666929031978, -0.0035189049409393527, 0.2566237166794583, 100381000000, 
1.28154217022508, -0.004081742260392633, 0.2564717037354317, 100415000000, 
1.28154217022508, -0.004081742260392633, 0.25639006889022387, 100415000000, 
1.2804293050362094, -0.0037095506295684957, 0.25623424303242465, 100449000000, 
1.2804293050362094, -0.0037095506295684957, 0.2561600520198333, 100449000000, 
1.2791140230760207, -0.004384273200629026, 0.25599817554322934, 100483000000, 
1.2780130026245273, -0.008054341372273713, 0.25583708871578387, 100517000000, 
1.2780130026245273, -0.003670068171644688, 0.25567600188833833, 100517000000, 
1.276749527369825, -0.004211584182340911, 0.2555183688412586, 100551000000, 
1.2759051299662978, -0.007026242194098457, 0.25537784399737673, 100585000000, 
1.2759051299662978, -0.002814658011757546, 0.25523731915349473, 100585000000, 
1.2744891476613527, -0.00471994101648369, 0.2550866271729299, 100619000000, 
1.2736535519371162, -0.007505260097272111, 0.25493652197098443, 100653000000, 
1.2736535519371162, -0.002785319080788421, 0.254786416769039, 100653000000, 
1.2722567717071038, -0.0046559341000410965, 0.2546375917054224, 100687000000, 
1.2722567717071038, -0.0046559341000410965, 0.2545444730234216, 100687000000, 
1.2711032997839586, -0.0038449064104839614, 0.2543744562132111, 100721000000, 
1.2711032997839586, -0.0038449064104839614, 0.25429755808500143, 100721000000, 
1.2700543386727838, -0.003496537037249355, 0.25415072921604676, 100755000000, 
1.2700543386727838, -0.003496537037249355, 0.2540807984753018, 100755000000, 
1.2690483169779505, -0.0033534056494444187, 0.2539437996215679, 100789000000, 
1.2690483169779505, -0.0033534056494444187, 0.253876731508579, 100789000000, 
1.2675616658844353, -0.00495550364505067, 0.2537105533226891, 100823000000, 
1.2666021434236598, -0.00815391184763555, 0.2535474750857364, 100857000000, 
1.2666021434236598, -0.0031984082025848792, 0.25338439684878367, 100857000000, 
1.2656486300506353, -0.0031783779100817235, 0.25325686112653034, 100891000000, 
1.2656486300506353, -0.0031783779100817235, 0.2531932935683287, 100891000000, 
1.2642877274474214, -0.004536342010713253, 0.2530389991699128, 100925000000, 
1.26363050425353, -0.006727085990350841, 0.25290445745010576, 100959000000, 
1.26363050425353, -0.0021907439796375883, 0.2527699157302988, 100959000000, 
1.2622590257873698, -0.004571594887200862, 0.252634668952962, 100993000000, 
1.2622590257873698, -0.004571594887200862, 0.252543237055218, 100993000000, 
1.2613016064036395, -0.0031913979457676156, 0.2523879771985586, 101027000000, 
1.2602296470599774, -0.006764595757974649, 0.2522526852833991, 101061000000, 
1.2592858677140006, -0.006719128965462969, 0.25205447474517445, 101095000000, 
1.2585296197395162, -0.005666757734870871, 0.25186967563423296, 101129000000, 
1.2585296197395162, -0.0025208265816149358, 0.25175634047953555, 101129000000, 
1.2574165228006642, -0.0037103231295065875, 0.2516317174853131, 101163000000, 
1.2574165228006642, -0.0037103231295065875, 0.25155751102272295, 101163000000, 
1.2561656322954509, -0.0041696350173777335, 0.2513999118597853, 101197000000, 
1.2561656322954509, -0.0041696350173777335, 0.2513165191594377, 101197000000, 
1.2561656322954509, 0.0, 0.2512331264590902, 101197000000, 
1.2551929967598774, -0.0032421184519115798, 0.25116828409005193, 101231000000, 
1.2543157233410642, -0.006166363181288788, 0.2510449568264262, 101265000000, 
1.2543157233410642, -0.0029242447293772087, 0.2509216295628004, 101265000000, 
1.2543157233410642, 0.0, 0.2508631446682128, 101265000000, 
1.2543157233410642, 0.0, 0.2508631446682128, 101265000000, 
1.2530655693764072, -0.00416717988218999, 0.250779801070569, 101299000000, 
1.2530655693764072, -0.00416717988218999, 0.25069645747292524, 101299000000, 
1.2530655693764072, 0.0, 0.25061311387528146, 101299000000, 
1.2530655693764072, 0.0, 0.25061311387528146, 101299000000, 
1.2520281842994112, -0.003457950256653408, 0.2505439548701484, 101333000000, 
1.2520281842994112, -0.003457950256653408, 0.2504747958650153, 101333000000, 
1.2520281842994112, 0.0, 0.2504056368598822, 101333000000, 
1.2520281842994112, 0.0, 0.2504056368598822, 101333000000, 
1.2520281842994112, 0.0, 0.2504056368598822, 101333000000, 
1.2520281842994112, 0.0, 0.2504056368598822, 101333000000, 
1.2520281842994112, 0.0, 0.2504056368598822, 101333000000, 
1.2520281842994112, 0.0, 0.2504056368598822, 101333000000, 
1.2520281842994112, 0.0, 0.2504056368598822, 101333000000, 
1.2507439021679232, -0.004280940438293375, 0.25032001805111637, 101367000000, 
1.2507439021679232, -0.004280940438293375, 0.25023439924235047, 101367000000, 
1.2507439021679232, 0.0, 0.2501487804335846, 101367000000, 
1.2507439021679232, 0.0, 0.2501487804335846, 101367000000, 
1.2507439021679232, 0.0, 0.2501487804335846, 101367000000, 
1.2507439021679232, 0.0, 0.2501487804335846, 101367000000, 
1.2499001982761277, -0.002812346305984814, 0.25009253350746496, 101401000000, 
1.2491736344343114, -0.005234225778705988, 0.24998784899189078, 101435000000, 
1.2486173315454758, -0.004276222435506405, 0.249846077617061, 101469000000, 
1.2486173315454758, -0.0018543429627852308, 0.24976055316835086, 101469000000, 
1.2476476161841794, -0.003232384537654731, 0.24965881861834208, 101503000000, 
1.2462210742331836, -0.00798752437430735, 0.24949906813085593, 101537000000, 
1.245006386799194, -0.008804097949951148, 0.24925833848110382, 101571000000, 
1.2441529923773853, -0.006893606185994401, 0.2490253635606509, 101605000000, 
1.2428575098746786, -0.0071629230817182865, 0.24880112593675055, 101639000000, 
1.2417646387401347, -0.007961178790835502, 0.24858500939947986, 101673000000, 
1.2404512688759703, -0.008020803329027437, 0.2483382278327189, 101707000000, 
1.2390560853945425, -0.009028511151973895, 0.24808479953404317, 101741000000, 
1.2385301017852395, -0.006403890302436229, 0.24786916373705015, 101775000000, 
1.2375343587996765, -0.005072421982886451, 0.24767470306529724, 101809000000, 
1.2362321869286215, -0.007659716188726702, 0.24748644316756915, 101843000000, 
1.2349290482707298, -0.00868436842982249, 0.2472463729332685, 101877000000, 
1.233578906920037, -0.008844266695281858, 0.24698267614129252, 101911000000, 
1.2328803596369535, -0.006828962112587582, 0.24675922098851466, 101945000000, 
1.2319351998638748, -0.005479023520540416, 0.24655963109472434, 101979000000, 
1.2312517960265805, -0.005428545367910005, 0.24640449036849393, 102013000000, 
1.2306880894185317, -0.004157034817810305, 0.24625833902059913, 102047000000, 
1.23012937722488, -0.0037413960056683257, 0.24613795084466614, 102081000000, 
1.2296866336188603, -0.0033381859989045637, 0.24603360668415147, 102115000000, 
1.2286985804902122, -0.004769322448892795, 0.2459009727555968, 102149000000, 
1.2279237759160508, -0.005876192342698279, 0.24575393266834156, 102183000000, 
1.2269661608671139, -0.005774732076994453, 0.24557256781822512, 102217000000, 
1.2261284251788507, -0.005984502457333877, 0.24540122413080098, 102251000000, 
1.2254079052457594, -0.005194185404514921, 0.24523349941944828, 102285000000, 
1.2244958433342024, -0.005441939482161058, 0.24506881158392085, 102319000000, 
1.2244958433342024, -0.0030402063718567205, 0.24495997279427761, 102319000000, 
1.2235791567142027, -0.003055622066665542, 0.24483805622550717, 102387000000, 
1.222854857916268, -0.005469951393114829, 0.24472865719764483, 102421000000, 
1.2219117181774124, -0.005558128455967666, 0.24455638218719222, 102455000000, 
1.2219117181774124, -0.00314379912951838, 0.24444521961807286, 102455000000, 
1.220765454504913, -0.003820878908331604, 0.24430592605731585, 102523000000, 
1.2198303698417676, -0.006937827785482575, 0.2441671695016062, 102557000000, 
1.2198303698417676, -0.0031169488771509712, 0.24402841294589658, 102557000000, 
1.2189171862628299, -0.0030439452631259023, 0.243905195063091, 102659000000, 
1.2180761142117476, -0.00584751876673358, 0.2437882446877563, 102727000000, 
1.2171538455171202, -0.005877802485698691, 0.24360980973277985, 102795000000, 
1.2163708569238003, -0.005684190959824124, 0.2434400544435112, 102829000000, 
1.2152038635700437, -0.0064999398235883925, 0.24324857106739764, 102863000000, 
1.2152038635700437, -0.0038899778458552823, 0.24311857227092584, 102863000000, 
1.213940120717014, -0.0042124761767659, 0.24295652319047345, 102965000000, 
1.2131142465752476, -0.006965389982653836, 0.24281721539082035, 103033000000, 
1.2123709117042234, -0.005230696709301874, 0.24262835193309898, 103067000000, 
1.2121425934220837, -0.003238843843879439, 0.24250851678010363, 103101000000, 
1.2113276949528946, -0.003477389171095968, 0.24238941333861344, 103169000000, 
1.2104211841759982, -0.00573803082028516, 0.24225943150339843, 103203000000, 
1.2097181058982576, -0.005365296848790131, 0.24209779900181, 103237000000, 
1.2092130783984032, -0.004027019258650011, 0.24195682456484396, 103271000000, 
1.2085888452602258, -0.003764202126772531, 0.24183466863712574, 103305000000, 
1.2080912415721388, -0.0037394560875481098, 0.24172621101538452, 103339000000, 
