imu_ax, imu_ay, kf_ax, kf_ay, kf_vx, kf_w, kf_x, kf_y, stamp, 
-0.02127393435936254, 0.03261067083858311, -0.01489318544621118, 4.19994928493738e-12, -7.0466836678016e-05, -5.960178550554499e-08, -1.9850536207204061, -0.5000009600883423, 88449000000, 
-0.0738440210508039, -0.001752311793232251, -0.05922825703306805, -1.996592156867088e-12, -5.340156537020748e-05, 3.7388270231886854e-08, -1.9748275823200292, -0.5000009312645148, 88454000000, 
-0.06216489761145258, 0.01756392556629505, -0.06144599709505025, 6.587075645264949e-11, -8.565797534819131e-05, -7.68997354710887e-07, -1.9747024512266464, -0.5000009309107747, 88459000000, 
-0.053426238083144076, -0.021621814403002388, -0.05538445193312914, -5.984501304908215e-10, -0.0005164843893771349, 1.1586993581984827e-06, -1.9747748163115952, -0.5000009311595425, 88493000000, 
-0.06303010125821107, 0.027989808439858294, -0.061158521647770914, 4.317929766382292e-09, -0.00040351988623727126, -1.0700661636892246e-05, -1.9747570238996832, -0.500000931081435, 88513000000, 
-0.03863404622856497, 0.019404470573024045, -0.04413879785126929, 5.143771681742215e-09, -0.0005983938681366424, -8.595963220277588e-06, -1.974766078110083, -0.5000009311266871, 88549000000, 
-0.06447421335580351, 0.027476384769460058, -0.059497044560518915, 7.936555125621348e-09, -0.000544714250216701, -1.4570125753941605e-05, -1.9747649872523219, -0.5000009311084666, 88583000000, 
-0.041666805650452235, -0.02084990562412206, -0.04602181951681628, -3.5086766456495926e-09, -0.0007048620241276887, 4.977820517415166e-06, -1.9747601146807594, -0.5000009311251717, 88625000000, 
-0.05524003075585201, -0.014795667525927871, -0.0529819897275616, -4.919407051552336e-09, -0.0005435867621930953, 9.04990223033585e-06, -1.9747639616162163, -0.500000931112783, 88657000000, 
-0.04388412261764058, 0.02177270715864516, -0.046106838600041, 3.0844021610069765e-09, -0.0004552191508586463, -6.7756423586070496e-06, -1.9747653178737001, -0.5000009311087199, 88683000000, 
-0.031944951415123754, 0.014783629732677345, -0.03540243395467574, 4.332184972398153e-09, -0.0006388156266539744, -6.781588914926085e-06, -1.9747593296362718, -0.5000009311233226, 88733000000, 
-0.08220476378730938, 0.019058546034301824, -0.07075638651121789, 4.241574369837208e-09, -0.0003883277199237128, -1.0922666995470907e-05, -1.9747617572597445, -0.5000009311147812, 88754000000, 
-0.05964180776873201, 0.020126553744186388, -0.06235125326323124, 8.044461983500395e-09, -0.0009318953528382945, -8.632366240478823e-06, -1.9747397121411152, -0.5000009311762659, 88804000000, 
-0.02165966315055909, -0.017911263582116498, -0.03160888569802499, -5.813291623271541e-09, -0.000556975744997757, 1.0437243767760394e-05, -1.974746850984384, -0.5000009311511907, 88829000000, 
-0.05653500176696995, 0.0007764457285129094, -0.05043494111529394, -1.062988298854475e-09, -0.000489968623931697, 2.1695027945353874e-06, -1.9747506663151158, -0.5000009311365535, 88869000000, 
-0.07964697962689388, 0.026518166825261633, -0.07249745098005819, 6.1073008442417795e-09, -0.0006536393748678344, -9.343532655872626e-06, -1.9747444557276324, -0.5000009311566332, 88908000000, 
-0.05441662282027759, -0.01074960065235446, -0.058835769819496245, -1.7162732777336954e-09, -0.0005792699632686795, 2.9628211137501117e-06, -1.9747444436960744, -0.5000009311575244, 88933000000, 
-0.0708514326097924, -0.0044384491756510255, -0.06790821612296469, -1.7359447317520826e-09, -0.0006635974482103266, 2.6159605291337354e-06, -1.9747425159101917, -0.5000009311632557, 88968000000, 
-0.08898665885890877, -0.0073265273408335075, -0.08382580186612049, -3.389268186776886e-09, -0.0007933174756674538, 4.272272187027447e-06, -1.9747382373739977, -0.5000009311774755, 89004000000, 
-0.09848022301024105, 0.015020498573674058, -0.09489089372999306, 6.778627319492399e-09, -0.0008475426469462142, -7.997977852697454e-06, -1.974735464788282, -0.5000009311858776, 89035000000, 
-0.042588966139067805, 0.009685642356626535, -0.055377021882624534, 5.935606409653399e-09, -0.0007227466819699421, -8.212568189832592e-06, -1.9747374614916178, -0.5000009311799344, 89060000000, 
-0.040069283517503426, -0.029304785200963357, -0.04380891305158802, -8.683875732287834e-09, -0.0006233551325421699, 1.3930864252088871e-05, -1.9747420879500306, -0.5000009311656962, 89095000000, 
-0.0729499703322336, 0.019083961291112905, -0.0658195913479093, 2.9538051493663506e-09, -0.0005247425089246291, -5.6290563450246745e-06, -1.9747447356927932, -0.5000009311551794, 89126000000, 
-0.04204321183341231, -0.01647553706371409, -0.0478510387692089, -4.152741036664537e-09, -0.0008161934240274145, 5.087937386426497e-06, -1.9747340565863891, -0.5000009311901347, 89172000000, 
-0.026488231151656244, 0.02580408560776376, -0.03170677696168801, 1.0114168279489375e-08, -0.0006875278101933788, -1.4710922423115646e-05, -1.9747403248636541, -0.5000009311667688, 89218000000, 
-0.0483619501441112, 0.02549306374864211, -0.04428494196442287, 8.149162938592162e-09, -0.00048248263762228245, -1.689006464305527e-05, -1.9747467628194189, -0.5000009311451887, 89255000000, 
-0.04563793714389117, -0.021747750845397488, -0.04530563696256764, -1.2475926451157568e-09, -0.00033336641734841893, 3.7424064938485734e-06, -1.9747481005404555, -0.5000009311394201, 89275000000, 
-0.04784586505458694, -0.0021144588733609747, -0.04722283120548224, -5.004168902138921e-10, -0.0003597374848095698, 1.3910612914825712e-06, -1.974747408196234, -0.500000931141217, 89300000000, 
-0.08394288770932971, 0.02713191924143745, -0.07495760047986277, 4.284855187770313e-09, -0.0006041952600057238, -7.091838469122912e-06, -1.9747400214203192, -0.5000009311696949, 89339000000, 
-0.03768702783123769, 0.0008643998457475786, -0.046797404026401854, 1.5714541252866922e-09, -0.0007236476452041397, -2.171573604503871e-06, -1.9747355995183824, -0.5000009311872732, 89374000000, 
-0.09481338060639474, 0.013287445758733111, -0.08306714068153372, 4.199182224121889e-09, -0.0005345114746555257, -7.856112400258792e-06, -1.974739102444741, -0.5000009311712504, 89400000000, 
-0.060685225976229065, 0.0014640756238195182, -0.0661499186115787, 2.651328389733528e-09, -0.0010331811428992456, -2.566179617151687e-06, -1.9747201384739566, -0.5000009312512294, 89447000000, 
-0.042874896120833034, -0.007295876192859635, -0.04856392696907903, -3.214306090652066e-09, -0.0006408407900459177, 5.015763884851577e-06, -1.974727866646064, -0.5000009312148593, 89473000000, 
-0.040562158324891746, 0.016471803769400495, -0.04251378985690744, 4.407715773300121e-09, -0.0006482411736623349, -6.799499865764582e-06, -1.97472943878392, -0.5000009312061432, 89516000000, 
-0.05555797174475539, -0.00719900628050482, -0.052365743335187405, -7.42406418818022e-10, -0.00041043006526361877, 1.808849988465575e-06, -1.9747330350863335, -0.5000009311907914, 89539000000, 
-0.0685170326244487, -0.003625861058809348, -0.0645612308532818, -1.0292195134356562e-09, -0.000681600006909225, 1.5100051393818823e-06, -1.9747239723305676, -0.5000009312318479, 89582000000, 
-0.05613105983860362, -0.016377625563607855, -0.058189669784001016, -5.073814583141206e-09, -0.000580313207733424, 8.743234714506002e-06, -1.974724980510547, -0.5000009312281708, 89609000000, 
-0.07040057600805318, 0.005889592594853231, -0.0674096214559707, 3.2480118134845907e-10, -0.0006573428915414813, -4.94112259412731e-07, -1.9747229715107948, -0.5000009312370226, 89644000000, 
-0.04859150492751408, 0.02494713869073903, -0.03911405459426886, 2.2398830601235152e-07, -0.017858144613967786, -1.2542641514794241e-05, -1.9193654665562934, -0.5000011623378647, 93908000000, 
-0.09315604562841309, 0.006159251364196114, -0.07973679684141136, 3.890908858374922e-07, -0.004513949831285174, -8.619743248823692e-05, -1.9164040767107688, -0.5000011663657432, 93923000000, 
6.840495815834027, 0.020988146862071486, 5.146873449812118, -1.0090171185295521e-06, 0.010884437607260482, -9.270273347485456e-05, -1.9876953785172573, -0.5000008631632724, 93959000000, 
-0.3452536261142362, 0.026893075874874064, 0.9976928535825209, 8.425778779513898e-06, 0.04246724463438073, 0.0001984065331305374, -1.9756179790108195, -0.5000008678113956, 93999000000, 
-0.07682850743999639, -0.013569352900631073, 0.18590942328879267, -5.547176793144206e-06, 0.01436533424342918, -0.0003861502070988379, -1.9744551462406135, -0.5000008937457392, 94020000000, 
-0.06123518609521188, -0.031157561652943203, -0.0007709439085118175, -1.229529765842275e-05, 0.02970840959581562, -0.0004138658994439918, -1.9739430697389815, -0.500000912925132, 94046000000, 
-0.08715334922224682, -0.015761614466815798, -0.0659715880948003, -2.7175432029545558e-05, 0.05821197777473304, -0.0004668357452946922, -1.9727749565811012, -0.500000971217237, 94076000000, 
-0.07171573270795675, -0.039181851693189544, -0.07026247660201097, -0.0021308694428456903, 0.08917290979044895, -0.02389592812271246, -1.9711782533754767, -0.500001160124828, 94099000000, 
-0.06736835635324509, 0.0018565217083852763, -0.06806411486231366, -0.0032923380099372573, 0.0966800594207397, -0.03405395103874945, -1.9692421678498955, -0.5000017080700813, 94120000000, 
-0.03971293849107407, -0.006237065782670044, -0.04664265158161736, -0.0023203295357384986, 0.09874214482002895, -0.02349887720149908, -1.967286601178243, -0.5000032896275293, 94140000000, 
-0.06826668983887796, -0.006132800729343312, -0.06297590971920429, -0.0020603214705500134, 0.09926672214461013, -0.02075540952735974, -1.965202219653705, -0.5000062894216133, 94161000000, 
-0.03775801981994494, 0.03579605621118668, -0.04392418404156856, -0.004247824916084824, 0.0986378170008163, -0.043064871519304514, -1.962614542476192, -0.5000113775272416, 94187000000, 
-0.07225827969726915, 0.001021059369468396, -0.06532166896270528, -0.0022770542763844806, 0.09877943292158438, -0.023051906748564856, -1.9580451728523722, -0.5000232262992008, 94233000000, 
-0.03114175798378819, -0.000977658415113758, -0.03949831840288355, -0.0009159330389739181, 0.09910557967060127, -0.00924199265084992, -1.9555589086508902, -0.5000339055889474, 94258000000, 
-0.05282909281305195, 0.017218064279335775, -0.049567363661554745, -0.0028214045430091173, 0.09922894745099699, -0.02843328096775826, -1.953470519036556, -0.5000440755297356, 94279000000, 
-0.04501394524878708, 0.0008377636237816184, -0.04612170938467123, -0.003132890942984687, 0.09897315088953607, -0.03165394771033719, -1.94877979212332, -0.5000682164801539, 94326000000, 
-0.053892603065684844, 0.03585276242502316, -0.05198982084471293, -0.0015779064004461272, 0.09821871130819385, -0.016065232168389194, -1.9452048782517772, -0.5000912997829179, 94362000000, 
-0.08205985563909862, 0.0362744148167987, -0.07470344105167272, -0.0014601361907184613, 0.09860852737546995, -0.014807402864447277, -1.9432281294595126, -0.5001060516792338, 94382000000, 
-0.09669784897958324, 0.016262181642012048, -0.09131694656181574, -0.0023240022311331442, 0.09894127034915308, -0.023488704187160633, -1.941641133491898, -0.5001184465867209, 94398000000, 
-0.06857513036801552, -0.004082270882309258, -0.07412919300224319, -0.0022331697722488887, 0.09871039482780332, -0.02262345091562618, -1.9376471243643962, -0.5001506727190278, 94438000000, 
-0.0509190465797306, 0.021397594575898425, -0.056594143570459, -0.0017117896166614552, 0.09910709542118626, -0.017272119714402644, -1.936157467646668, -0.5001640466925836, 94453000000, 
0.007820585745974128, -0.01046569891168279, -0.00793250032526685, -0.0022402978647449454, 0.09940724477988588, -0.02253656531478728, -1.934566558567298, -0.5001788712309875, 94469000000, 
-0.0168249562218535, -0.009288142499054367, -0.01464767266769476, -0.0023967323940726416, 0.0999789945422191, -0.02397235944456863, -1.9304801301457046, -0.5002181543206217, 94510000000, 
0.04452150594186396, 0.017606147070045028, 0.03004989105757855, -0.0019904912991984118, 0.09968557766643318, -0.019967695887352657, -1.927883000512004, -0.5002455242802155, 94536000000, 
-0.077021445102081, 0.026449367915142928, -0.050836653800417644, -0.001828220327250126, 0.09913285695692026, -0.018442122857859407, -1.9243044909681066, -0.5002853681667359, 94572000000, 
-0.19980712810296078, -0.0021646787474145805, -0.16336881419580163, -0.0020950725929268768, 0.09868374215950314, -0.021230169702529098, -1.9212105218176603, -0.5003220249941487, 94603000000, 
-0.21438953500530852, -0.011474070267960629, -0.2018990998290679, -0.0021872590897850635, 0.09842063907498122, -0.022223581459562686, -1.9177946390701521, -0.500364519438103, 94637000000, 
-0.02185692564746368, -0.027170210057992954, -0.06587520061923383, -0.0022693180950267037, 0.0984495615626108, -0.02305056578218979, -1.9139786790422322, -0.5004147855487895, 94675000000, 
-0.09120611249583947, 0.007359644499895518, -0.08500659405301408, -0.0020408780048115594, 0.09824340428467296, -0.0207736897929336, -1.910806363970414, -0.5004592511173444, 94707000000, 
0.3586771941991011, -0.0011086999218426156, 0.25016547381141785, -0.002054541587740904, 0.09902572524266331, -0.02074755405937431, -1.9073600490092026, -0.5005100594062943, 94742000000, 
-0.008604260168182842, -0.009783930153280431, 0.05467323801439608, -0.002139313441004219, 0.10117032244415526, -0.021145661981902777, -1.9039491770000252, -0.500562832014228, 94777000000, 
-0.02832869945428201, -0.012189519332790355, -0.008033191531223366, -0.002150716180244178, 0.10045662935428647, -0.02140940019656759, -1.900431960494398, -0.5006198145666001, 94812000000, 
-0.04407555571503772, -0.004727064627011937, -0.035260569714086185, -0.0020799145799523674, 0.09974261088558752, -0.020852818684866693, -1.8957114661258203, -0.5006997807994358, 94859000000, 
-0.021764166203158807, -0.0030352983222076647, -0.025063955066086288, -0.0020339582055427783, 0.09957869151057262, -0.020425636998120486, -1.893212200791868, -0.500744612292253, 94884000000, 
-0.09145238627537222, 0.005756927370888217, -0.07521354280844203, -0.0019017543991697399, 0.09935796523965872, -0.01914043221982826, -1.890015993309828, -0.5008035921242604, 94916000000, 
-0.04408922009583412, -0.006479319498518052, -0.051698344257122816, -0.0019576738276713555, 0.0993898145205413, -0.019696926059427904, -1.8874170935227539, -0.5008532304282938, 94942000000, 
-0.08356381453613852, -0.02439204558663271, -0.07576130765577099, -0.0021440049557020324, 0.09943343906166169, -0.021562212631230326, -1.8824066314885637, -0.5009514635479166, 94992000000, 
-0.06019435253541205, 0.007824473392518115, -0.06399830196104389, -0.0019418099202243174, 0.09919148514660359, -0.019576377119007244, -1.8796046305255434, -0.5010091911636365, 95020000000, 
-0.048174829023702716, 0.004761064355519681, -0.05203967818081148, -0.0018864617431126576, 0.09915456497378047, -0.019025465379344828, -1.875909696661358, -0.5010875017293849, 95057000000, 
-0.04003144586669398, 0.002233350116215571, -0.04296558244742922, -0.0018773056533141687, 0.09949434874753363, -0.01886846516356242, -1.873317374005255, -0.5011443082261111, 95083000000, 
-0.0755197878491661, -0.033988599283186795, -0.06755417268566238, -0.002166993652335904, 0.09997863086179341, -0.021674568191791622, -1.8703145069734357, -0.501211621151254, 95113000000, 
-0.06926965795599557, -0.00020309759519628132, -0.06884780182286923, -0.002006224493561361, 0.0995888052675088, -0.020145080445260637, -1.8677037649294022, -0.5012716583732469, 95139000000, 
-0.036254678799020626, 0.02823365809359777, -0.04422351691334823, -0.0017335772166765459, 0.0989676642226644, -0.01751660231948308, -1.8646045232795698, -0.501344629539729, 95170000000, 
-0.06865020049839356, 0.013607404465104448, -0.06266982472952518, -0.0017421307346934857, 0.09899446681164341, -0.017598263729307565, -1.860122624084897, -0.5014528736030349, 95215000000, 
-0.12559562534953306, -0.01728006027969437, -0.11019858618218056, -0.0019959499509944975, 0.09931252721603825, -0.02009766549040317, -1.8565233848699112, -0.501542671218381, 95251000000, 
-0.05162027787966735, 0.011375713258740969, -0.0659400973791974, -0.0018680339134189395, 0.09876943599149098, -0.01891307664832541, -1.8529139845434557, -0.5016350690338, 95287000000, 
-0.052693683978894595, -0.022986862372506273, -0.05592545424479024, -0.0020865929948649655, 0.09937986546939298, -0.020996134227084406, -1.8489248316466396, -0.5017400691679221, 95327000000, 
-0.053599800295070686, 0.016484469856776738, -0.0541655040178922, -0.0018198419885155082, 0.09910243532233068, -0.01836324185774519, -1.8457294651237504, -0.5018266210381885, 95359000000, 
-0.03962478241723917, 0.0009979601726201404, -0.043176419098228724, -0.0018862585950767043, 0.09929256747895361, -0.01899697674225739, -1.8421397973982325, -0.5019262118888631, 95395000000, 
-0.07383473543912, -0.0337039506466499, -0.06633389943353209, -0.0021812106523959388, 0.10000841563503862, -0.02181027105114679, -1.8399413582042186, -0.5019886937974183, 95417000000, 
-0.02733067303498687, -0.009645273214258766, -0.03686230511516491, -0.0020601658690733698, 0.09939965114693475, -0.02072608751944197, -1.8348081674891488, -0.5021367839307107, 95468000000, 
-0.050202203823191044, 0.04030120209924328, -0.046938571151563566, -0.0016521716528424806, 0.09896526673475622, -0.016694459655937494, -1.8322188435778783, -0.5022142837333086, 95494000000, 
-0.050344294466325046, 0.0015409029319997422, -0.049508672464331244, -0.0018460207747221873, 0.09944534313322434, -0.018563169642334294, -1.8297316297707686, -0.5022900324337691, 95519000000, 
-0.05256454878101375, 0.016861380227947538, -0.05181162371012727, -0.001783870047704565, 0.09908758580689207, -0.01800296205804307, -1.8251333960464649, -0.5024320335768069, 95565000000, 
-0.055424562565855894, -0.018939758682480216, -0.054537660252855856, -0.0020656599713875412, 0.09973729295249023, -0.02071100899411333, -1.8226390736643867, -0.5025112039101651, 95590000000, 
-0.03347895707081295, -0.019235663685982417, -0.03862469255698597, -0.0021548098285174523, 0.09978448758577778, -0.021594637409598483, -1.8188282672661369, -0.5026339439289994, 95628000000, 
-0.05330008281356903, 0.01319993616092258, -0.04970875284626688, -0.0019196492707662797, 0.09941464069150346, -0.01930952279678001, -1.815526216465011, -0.5027428968442539, 95661000000, 
-0.02224475752554071, -0.009135133055635541, -0.028955795960872374, -0.0020308340113044886, 0.09952105879745321, -0.020406073205447635, -1.8110262720738972, -0.5028945262899653, 95706000000, 
-0.0661170239365069, -0.004459135935863924, -0.05702699356990362, -0.002047868034685989, 0.09978061985675432, -0.02052370528090446, -1.809028462435585, -0.5029636034621225, 95726000000, 
-0.0726363082882501, 0.03185865599037616, -0.06881459351492974, -0.001801315179459038, 0.0988401553018102, -0.018224528016560573, -1.8048208365749907, -0.5031107909002765, 95768000000, 
-0.04729990441636733, 0.0003337664536229032, -0.05255522572029475, -0.001954644349273819, 0.09910886020716593, -0.019722195827780196, -1.8010339027250208, -0.5032464620389653, 95806000000, 
-0.04757317051241189, 0.008206545849043364, -0.04878833364349752, -0.001926797541223998, 0.09927251774177097, -0.01940917370743039, -1.7980449578357722, -0.5033556525990479, 95836000000, 
-0.03967620358103127, 0.015164914976893387, -0.04190024552043925, -0.001919423975553925, 0.09911400277482309, -0.019365820386799033, -1.7939553726631046, -0.5035074683231271, 95877000000, 
-0.08552970791671774, 0.0025771529308442178, -0.07485650914255226, 0.000694213044857141, 0.09941172864090969, 0.006983210676928718, -1.7914642514346677, -0.5036016435303624, 95902000000, 
-0.05684131873293559, -0.018730142261064824, -0.061243771697552365, 0.0021706649179524134, 0.09916855160431369, 0.02188864194178664, -1.7884657014552452, -0.5037159417502407, 95932000000, 
-0.06942356836389926, 0.034856923905936615, -0.06741922731252, 0.0011843788528386329, 0.09994764239502389, 0.011849992900859058, -1.7859683909179271, -0.5038104528958682, 95957000000, 
-0.04396496783167419, -0.029267626017388464, -0.04969437894518168, 0.00024955127245895864, 0.09892616216116779, 0.002522601372652025, -1.7808425037364783, -0.5040020170681977, 96008000000, 
-0.05126030879213571, -0.015016631561851016, -0.050874459213664194, 0.0011359209661626654, 0.09937525276551848, 0.011430622157439289, -1.778354696108171, -0.5040936634220861, 96033000000, 
-0.06783402211403072, 0.029294055185021307, -0.06367854616714244, 0.0015158293901082645, 0.0994488176228512, 0.015242306810090818, -1.7736510429823364, -0.5042663788679246, 96080000000, 
-0.08732037192541728, -0.01796371583500019, -0.0815345408286546, 0.00074766037428676, 0.09912891704719994, 0.007542303462578571, -1.770550193227051, -0.5043785519515029, 96111000000, 
-0.04859697402209696, 0.035818175110591294, -0.05664573402636378, 0.0011685517061723947, 0.09930413059316237, 0.011767402817913154, -1.7668501984844767, -0.5045107775330185, 96148000000, 
-0.04601680649099768, 0.04031672999150997, -0.048612885083325924, 0.0015164386040387916, 0.099814175085074, 0.015192617709321295, -1.7641519784580764, -0.5046063189746575, 96175000000, 
-0.05819354715678325, -0.018022585784278823, -0.05584760915472318, 0.0009802849616926451, 0.09930581017271593, 0.009871375702868756, -1.760646918364425, -0.50472930448479, 96210000000, 
-0.051358876540950296, 0.003280276387906091, -0.052452464302732524, 0.0009261639157999438, 0.09939483042588754, 0.009318029034623948, -1.7572510653510989, -0.5048467987523202, 96244000000, 
-0.05838069100630743, 0.02555077113289927, -0.05692604349909531, 0.0011407888496988568, 0.09955002170450504, 0.011459453550749267, -1.753651042302114, -0.504970135837924, 96280000000, 
-0.038389171585007854, -0.015854579103063034, -0.04291942383961316, 0.0008956667801363458, 0.09929632532483544, 0.00902014024392428, -1.7502509608901673, -0.5050854523115917, 96314000000, 
-0.07027839157916436, -0.00047667528081104144, -0.06358171261473812, 0.0009276174882828483, 0.09931415784831647, 0.009340234145665394, -1.746056417534131, -0.5052261494056817, 96356000000, 
-0.07660918163133773, 0.01638622201105864, -0.07341992184979515, 0.0010553200223925663, 0.0995215039388406, 0.01060393965751459, -1.7435575500991651, -0.5053090004061734, 96381000000, 
-0.04358137325854048, -0.025261947829566624, -0.050875933077285884, 0.0007554509104539228, 0.09915988337856219, 0.0076185135027825885, -1.7405575359044851, -0.505407773844127, 96411000000, 
-0.05492388129218879, 0.013921950061303272, -0.05392822121476562, 0.0009677088880763789, 0.09934445827686196, 0.00974094483840741, -1.7365659972857823, -0.5055379736353489, 96451000000, 
-0.05753446184383497, -0.00028148440415836696, -0.056648790523444285, 0.0009322725825882444, 0.09937892706544187, 0.009380988607115219, -1.7333693916426804, -0.505641211071146, 96483000000, 
-0.0631479215034498, 0.009123888206328364, -0.0615545260327291, 0.0009904964668295416, 0.09942986582776651, 0.00996176006659096, -1.7301709725494632, -0.5057435105475317, 96515000000, 
-0.09983115931134334, -0.010846167892562033, -0.09046445121333985, 0.0008181150653587846, 0.09912868798496516, 0.008253060561871535, -1.7264678319773805, -0.5058608463950572, 96552000000, 
-0.04773649617603475, -0.002647015033774857, -0.0581800979391339, 0.0008276900297816403, 0.09902420969439187, 0.008358461353400891, -1.7228677801047252, -0.5059736378964759, 96588000000, 
-0.04871612470161679, -0.041248185731162644, -0.051025298986774166, 0.0005548052600025758, 0.09893222013285906, 0.005607932979341928, -1.7188814045383818, -0.5060973824487474, 96628000000, 
-0.055999325619604065, 0.03364285537601413, -0.05477946798736263, 0.001054422870161852, 0.09953686632899245, 0.010593289793519717, -1.7162919040277558, -0.5061769071336287, 96654000000, 
-0.04186013473802944, -0.020351242582644542, -0.04501678958138098, 0.0007690482282253465, 0.09929141713236646, 0.007745364608907939, -1.7129933590319724, -0.5062776702530611, 96687000000, 
-0.02711200022524028, -0.017542761066074032, -0.03148766286965052, 0.0007132025291139365, 0.09936078670432522, 0.007177907429781758, -1.7095028386441473, -0.5063831547962432, 96722000000, 
-0.05094845711826953, -0.03126543582455039, -0.04618726873042755, 0.0005790365285842471, 0.0994535583096629, 0.0058221801052239265, -1.7070112287742023, -0.5064577997724679, 96747000000, 
-0.05826587660754434, -0.005322574812817619, -0.055307554636298606, 0.0007407430307798547, 0.09938934787422156, 0.007452941855673247, -1.7032133447268714, -0.5065709050908469, 96785000000, 
-0.06072882232905083, 0.010497261273691666, -0.059396817205893036, 0.0009138441901277542, 0.09932328521964581, 0.009200704428038782, -1.699010782282705, -0.5066950484317202, 96827000000, 
-0.047896725748761707, 0.009590221865565808, -0.05070571460850445, 0.0009486676328866904, 0.09947159608494818, 0.00953707058320984, -1.6960128160730592, -0.5067826149719746, 96857000000, 
-0.05172862745067441, -0.02836439036967596, -0.051474891380827316, 0.0006528858527634968, 0.09920749560441078, 0.006581013347689723, -1.6924154776761708, -0.5068867221609028, 96893000000, 
-0.046555500241995444, 0.01737953987095348, -0.04775086204511474, 0.0009231129996135562, 0.09927346532275641, 0.009298688190367336, -1.687518800778509, -0.50702682042944, 96942000000, 
-0.06306146821807289, -0.010534758113959406, -0.05931506818714032, 0.0007922701552509997, 0.09946718708775307, 0.007965140851445153, -1.6854236365029769, -0.5070860404684701, 96963000000, 
-0.021705801179430252, 0.0002687127277071488, -0.030901717678768773, 0.0008320123984579761, 0.0995201588012162, 0.008360239859743957, -1.6828267074731895, -0.5071589415308737, 96989000000, 
-0.060179335432517016, -0.0019799384535123692, -0.05301624263070476, 0.0008189980033261777, 0.09955327002894322, 0.008226731307651367, -1.6795312724253866, -0.5072507622171629, 97022000000, 
-0.055884132616693, 0.004543083620497394, -0.055178215530973296, 0.000860885845186576, 0.0993983676805835, 0.008660965620210499, -1.6757275647089427, -0.5073556941105974, 97060000000, 
-0.08174473119433612, -0.019033545719107273, -0.07524488249871755, 0.0006919507948005216, 0.09933515730485938, 0.0069658196913800225, -1.673230363513568, -0.5074238105434609, 97085000000, 
-0.04148890491215879, -0.020095027900549105, -0.04973966061165895, 0.0006380869592079851, 0.0991075318892515, 0.006438329630900509, -1.6696308520180572, -0.5075212495137458, 97121000000, 
-0.08125494049989981, -0.012603763348920832, -0.07354390933100532, 0.0006857411951336233, 0.09932108054099298, 0.006904286495862236, -1.6668397815036506, -0.5075961114548874, 97149000000, 
-0.05953978660420138, -0.001986973862295891, -0.06295277968823125, 0.0007793352387153006, 0.09883714339473308, 0.007885044143807484, -1.6612238594445166, -0.5077456967155967, 97205000000, 
-0.037339074372595565, -0.004148571207253472, -0.04360300649714325, 0.0007946318132987431, 0.09960946385865187, 0.00797747304840777, -1.6607251385868578, -0.5077587819337064, 97210000000, 
-0.04570770983150353, -0.0050607193297514, -0.04518532579518426, 0.0007851812870792838, 0.09923958674248817, 0.007911976589712242, -1.6549161076285877, -0.5079109555304606, 97268000000, 
-0.05823788181601121, 0.029674804006750658, -0.055042425599558055, 0.0010417270572653727, 0.09966324711166145, 0.010452469565819331, -1.6522195477261092, -0.5079803209802991, 97295000000, 
-0.07690570355196341, 0.015633019416765048, -0.07155507842541745, 0.0009989500052087655, 0.09958064410280083, 0.010031568024178593, -1.649113142300885, -0.5080595218288739, 97326000000, 
-0.039644042694415765, 0.04302816581838898, -0.04744030845691351, 0.001188093745069853, 0.09947537909778628, 0.011943596052063627, -1.6444939424190093, -0.5081757814634312, 97372000000, 
-0.0627820145844989, 0.008469892795632119, -0.0590265045650317, 0.0009759091192781403, 0.09955140319464825, 0.009803067440144368, -1.6413930938891972, -0.508252361688922, 97403000000, 
-0.05092075591007597, 0.020712140611984033, -0.05290051366385715, 0.0009989918316418282, 0.09966590806068876, 0.010023405706929597, -1.6387910479543408, -0.508315692483337, 97429000000, 
-0.05419924244019037, -0.009792928679327859, -0.05387946458838214, 0.0007691257444265911, 0.09948088080566805, 0.007731392587175094, -1.6360898188943995, -0.5083807633898647, 97456000000, 
-0.033910277270525355, 0.007276138388989283, -0.03879038419244163, 0.0008543246852591223, 0.09947205493371188, 0.008588589889174842, -1.632590291072919, -0.508464154325276, 97491000000, 
-0.057853308334701585, 0.004561665914985488, -0.05318691885841413, 0.0008595456209642246, 0.09947918630684102, 0.008640456892288784, -1.6286917805125636, -0.5085559703026669, 97530000000, 
-0.05177962023252535, -0.014431650505287148, -0.05211859579287213, 0.0007184537269243031, 0.0992178803134405, 0.0072411719002122045, -1.6244888085055207, -0.5086535683293413, 97572000000, 
-0.07059189918607683, -0.016833789990811244, -0.06607126970672306, 0.000670562647205625, 0.09935664399979696, 0.00674904687005124, -1.6219945139408591, -0.5087106231247269, 97597000000, 
-0.06567115883728712, 0.016268299819678287, -0.06576122325904082, 0.00090937825189956, 0.0991799969581111, 0.00916896833827932, -1.6174875290326525, -0.5088128769642618, 97642000000, 
-0.0685250589586369, 0.010653266698635987, -0.0678430886405844, 0.0009241143419969124, 0.0992516652898076, 0.00931081951419723, -1.6137877427862488, -0.5088955999197331, 97679000000, 
-0.046559697457051394, 0.0061137668017069565, -0.05176298670094162, 0.0009157763708663812, 0.09952913509914353, 0.009201088404457176, -1.611791155362872, -0.5089395624994304, 97699000000, 
-0.04497247757423061, -0.03297564768104431, -0.04663060524306296, 0.0006251762661175902, 0.09924360254904536, 0.006299411247275443, -1.6085940008448014, -0.5090093878551273, 97731000000, 
-0.031116104603578092, 0.01866265837284163, -0.034903166617777925, 0.0009226792350198572, 0.09934424940949517, 0.009287696474675554, -1.6034991145002044, -0.5091192217931912, 97782000000, 
-0.054643636917168906, -0.018446065663978856, -0.04981317560364183, 0.0007234058866113834, 0.09941101214072234, 0.007276919035763948, -1.6005057569651882, -0.5091827114562789, 97812000000, 
-0.05889567784940995, 0.02509888763291008, -0.05667101378944391, 0.001054727021344058, 0.0996005295774406, 0.010589572423146556, -1.5975066714937323, -0.5092454862085234, 97842000000, 
-0.06916847248623974, -0.010564250750529245, -0.06610694579338257, 0.0008676275993216911, 0.09922430065524758, 0.008744103950263576, -1.5934992221122106, -0.5093284323296556, 97882000000, 
-0.01451699522416803, 0.027523445278683747, -0.02712908722519341, 0.0013779019762250174, 0.09946486409384793, 0.01385315295786186, -1.5898009150723496, -0.5094034048448772, 97919000000, 
-0.057429011738351604, -0.028382670615498533, -0.05001673548564447, 0.0011819052967278212, 0.09929472716080658, 0.011903001604644527, -1.5867089967691412, -0.509464977554482, 97950000000, 
-0.05436348816348896, 0.01649690278215912, -0.0532957483882793, 0.0012385495246642938, 0.09950534152881345, 0.012447065711599523, -1.5831118556501307, -0.5095351057979411, 97986000000, 
-0.057755183307520594, 0.002808197532807156, -0.05666142023823181, 0.0011217915645909552, 0.09948775978687616, 0.011275674183377635, -1.5801109539778326, -0.5095923238889157, 98016000000, 
-0.05221248824914142, -0.016021896291944303, -0.05329851860169624, 0.0010741557812302322, 0.09937268752614692, 0.010809366315544204, -1.5776132194103587, -0.5096390372215012, 98041000000, 
-0.05588918066856899, -0.0037581220821553954, -0.05525313491431292, 0.0011282502440369345, 0.0994506166896652, 0.01134482903768842, -1.5750174813898505, -0.5096868532326635, 98067000000, 
-0.049874395749138815, -0.01864211831286256, -0.05118258917143632, 0.0009778386304929252, 0.09900531159016476, 0.009876627978716085, -1.5699125617340128, -0.5097794577141335, 98118000000, 
-0.10134706969955881, -0.012655046760767105, -0.08907410962612738, 0.0010165031022063697, 0.09918898275063405, 0.010248145247763131, -1.5669204579186458, -0.5098320557024139, 98148000000, 
-0.04893395025650163, -0.002216811388824693, -0.058745161675084846, 0.0010716905158110837, 0.099062800215558, 0.010818294187920328, -1.5634189323136976, -0.5098925528240071, 98183000000, 
-0.03777660425701072, 0.012063909452480018, -0.04290044701263693, 0.0011723938037207352, 0.09940385687935378, 0.011794248639101265, -1.5601271863941921, -0.5099482183234033, 98216000000, 
-0.0467356341624565, -0.018648615925200934, -0.04579577255645664, 0.0010006549752171441, 0.09938500458046663, 0.010068470383849188, -1.5575329657692119, -0.5099911598242485, 98242000000, 
-0.0737039146462175, -0.003470367022232473, -0.06687322381809777, 0.0010480427166150552, 0.09928692600790616, 0.010555697096832267, -1.5534343764905423, -0.510057776869927, 98283000000, 
-0.045722535995712785, -0.013292991707517583, -0.05089124843321749, 0.0009542284423647274, 0.09919114560243396, 0.009620097001292346, -1.550136536013687, -0.5101100146867996, 98316000000, 
-0.02390917636841465, 0.017106439507629186, -0.03050557217469745, 0.001166546196302047, 0.09961677970678297, 0.011710338356005058, -1.547543413441838, -0.5101501828101065, 98342000000, 
-0.024765446665196582, 0.014227923848644556, -0.026165586811173567, 0.0012023036694540504, 0.09969274581083915, 0.012060091831910697, -1.5431429965639742, -0.5102171918531573, 98386000000, 
-0.05790872840781442, 0.007289657026610965, -0.050143697885107086, 0.0011508631320994184, 0.09977107638432228, 0.0115350377464732, -1.5406424227300617, -0.51025397975751, 98411000000, 
-0.03792951739881609, 0.0014284516177744235, -0.040913481535608066, 0.0010585101768042814, 0.09951596071207454, 0.01063658702815346, -1.5370348009467214, -0.510305983855346, 98447000000, 
-0.05251367086027405, 0.0003578940783571177, -0.04967466577990737, 0.0010010498749874403, 0.09960338898255507, 0.010050359583274503, -1.5345367909664553, -0.510340979425055, 98472000000, 
-0.053996514210517106, 0.006642654381621845, -0.052935669955618166, 0.0010416089286016282, 0.09948944644414534, 0.010469541904491356, -1.5309327432080282, -0.5103905170036017, 98508000000, 
-0.028592828009211774, 0.008891195476169088, -0.03454011513323479, 0.0010787240212611986, 0.0993727339483165, 0.010855332025203616, -1.5262265624903917, -0.5104534789989257, 98555000000, 
-0.046822734110787086, -0.006685583562700498, -0.04381688759106599, 0.000975281755950213, 0.0995441666900363, 0.009797477726515864, -1.5237318142361267, -0.510485630831255, 98580000000, 
-0.07852925246166019, -0.011027910570971381, -0.07003471193406767, 0.0008961322381997796, 0.09927001763502587, 0.00902721949233938, -1.519528064657924, -0.5105386956597804, 98622000000, 
-0.07011901696385339, 0.022121304016489526, -0.07009214392916907, 0.001122903529493321, 0.09931824455146555, 0.01130611535236555, -1.515823348793261, -0.5105839331131425, 98659000000, 
-0.04161804679574724, -0.018790326707156017, -0.04857935412493278, 0.0008784099777701412, 0.09924223710157358, 0.008851170665077774, -1.5132264941827624, -0.5106147530411155, 98685000000, 
-0.05710549699685778, -0.006268196117994003, -0.055014953540204, 0.0009001374861985738, 0.09924979953330068, 0.009069413645481028, -1.5091324361895853, -0.5106621850727314, 98726000000, 
-0.05601761264056681, -0.02111102899368624, -0.05576688637363465, 0.0008011790526965754, 0.09909909005982659, 0.008084625723736714, -1.5050359091221028, -0.5107081661529266, 98767000000, 
-0.049920951746295586, -0.0032183260946040213, -0.051348587891299355, 0.0009062118171401442, 0.09945997278313588, 0.00911132178887745, -1.5029424722913862, -0.5107308946369401, 98788000000, 
-0.04939745851455366, 0.00031245545440558575, -0.04987140893069962, 0.0009439155597802732, 0.09945215672944471, 0.009491152236629262, -1.4997439343676013, -0.5107650615301047, 98820000000, 
-0.054680097023994505, -0.029844075211302737, -0.053499302684147335, 0.00073554673748074, 0.09911171131733032, 0.007421390748926811, -1.4955444371498607, -0.5108087101319956, 98862000000, 
-0.053098008901827726, 0.025013818370819927, -0.05318976746059726, 0.0011003962778755494, 0.09936937932194381, 0.011073796428881871, -1.4914489701932228, -0.5108496727343936, 98903000000, 
-0.046142450816408595, 0.0054073547179836826, -0.04786277577126048, 0.0010343723132314865, 0.09949044001459613, 0.010396700558161517, -1.4884504013414876, -0.5108786590808246, 98933000000, 
-0.0890917086064504, 0.005273581723469397, -0.07900613914414384, 0.0010119573441086027, 0.09958367709656812, 0.010161879673586355, -1.486150677115208, -0.5109001375950666, 98956000000, 
-0.03510730188771734, 0.03025653877095365, -0.04583718273186872, 0.0011764790091523029, 0.09941994696986374, 0.011833430262328727, -1.482136035903332, -0.5109366581691878, 98996000000, 
-0.060987872384545866, -0.013212513952290393, -0.05727809807487742, 0.0008904983472893701, 0.09925545771972628, 0.008971782184551753, -1.4782372101685783, -0.5109705198701654, 99035000000, 
-0.038625531022473854, 0.01460882574418827, -0.04318422071252781, 0.0010241490074028605, 0.09953378790838541, 0.010289460784367266, -1.4754406823977688, -0.5109935738699104, 99063000000, 
-0.02825014892541865, 0.005159110612641546, -0.03189945525072683, 0.0009737284154031052, 0.09956393198170518, 0.009779931306670646, -1.471941297911546, -0.5110215205865521, 99098000000, 
-0.036167584650021234, 0.007651124276212844, -0.035121793845904595, 0.0009966930934112057, 0.09970933732703453, 0.009995985532851083, -1.469143456326974, -0.5110428660585322, 99126000000, 
-0.05439903803970584, -0.015876908982005375, -0.04968215058165906, 0.0008201615875138945, 0.09947701295084302, 0.008244734770224563, -1.465842209773774, -0.5110671610287005, 99159000000, 
-0.0795909090962039, 0.00030518726796078437, -0.07226937966653185, 0.0008814716226438545, 0.09923517017031552, 0.008882653409380976, -1.4612347137741324, -0.511099600179865, 99205000000, 
-0.04007400801264804, 0.02966103988330867, -0.047942237431114025, 0.001113399563729528, 0.09941302918623962, 0.011199734811859456, -1.45763139496487, -0.5111235445252459, 99241000000, 
-0.05755444082840148, -0.0019098854033754512, -0.055200236837282625, 0.0009520552721058551, 0.09943146480947751, 0.009574989908175506, -1.4544327726631083, -0.5111437390941509, 99273000000, 
-0.02771989775380922, 0.011281896626121227, -0.03443775833620999, 0.0010077132464523827, 0.09955699322542393, 0.010121973492817805, -1.4514337916993396, -0.5111616242843194, 99303000000, 
-0.0523090476631643, -0.0007295227135021647, -0.047936951880647345, 0.0009146967348058339, 0.09967233056412293, 0.009177037695706085, -1.4493361265601379, -0.5111735316095302, 99324000000, 
-0.07930471331991625, -0.030825122796147963, -0.07162668894420182, 0.0006613715311155993, 0.09903302723504329, 0.006678292581584035, -1.444323815733992, -0.5112009629247094, 99374000000, 
-0.043758675820866795, -0.01202089721997178, -0.050570664520657935, 0.0007548776517998204, 0.09923740883011424, 0.007606785190170624, -1.4415300491171381, -0.5112150440084674, 99402000000, 
-0.0568647336850921, -0.01608762536040928, -0.05532170341046003, 0.0007613605406640414, 0.09928764684033074, 0.0076682302873833045, -1.4382366200708645, -0.5112310071123223, 99435000000, 
-0.0607574987782725, 0.024445675876837443, -0.05942304664506065, 0.0010684963435881355, 0.09945314166702575, 0.010743716343979524, -1.4346373229557803, -0.5112475115073561, 99471000000, 
-0.057086598471859706, -0.010950484440422504, -0.05765251674446806, 0.0008776132234198874, 0.09916713665879039, 0.008849839301497003, -1.4305324573975593, -0.511265126484766, 99512000000, 
-0.06529286388174332, 0.02506661649409605, -0.06341988631015967, 0.0011018816189075414, 0.09949696933292909, 0.011074524443257261, -1.427435106190494, -0.5112770811153124, 99543000000, 
-0.02865711182186716, 0.01753731465838852, -0.03715573911352047, 0.0010975246043194648, 0.09959021036537957, 0.01102040652683465, -1.4244324632163414, -0.5112878023789574, 99573000000, 
-0.0423474742847394, 0.029344120831493542, -0.0410741508533547, 0.0011905909519945483, 0.09978753678199921, 0.011931259056885754, -1.4208295951288084, -0.5112994604149979, 99609000000, 
-0.04883841884867427, -0.01826962462636886, -0.046937661499469055, 0.0008533572738872909, 0.09945376365018689, 0.008580442233326052, -1.4178264129248226, -0.5113080008875486, 99639000000, 
-0.05159119044326814, -0.03865603594104707, -0.050450418985405115, 0.0006150226159058357, 0.09922498455004704, 0.0061982636600525845, -1.414630478406144, -0.511316038807185, 99671000000, 
-0.05271494003628657, 0.011835152739268275, -0.05215447426330756, 0.0009380641300794658, 0.09929029427212736, 0.009447692112871478, -1.4101335722827346, -0.5113261444497578, 99716000000, 
-0.07189338239856022, -0.014606308745860202, -0.06706244809725206, 0.0008465460568382546, 0.09929285604517915, 0.008525749893356561, -1.40713681617621, -0.5113319547930572, 99746000000, 
-0.07283143117397654, -0.005771506439889599, -0.07141834799231102, 0.0009207393246655266, 0.09942022257656422, 0.009261086937885889, -1.4050395697847047, -0.5113354324233377, 99767000000, 
-0.06226846017236293, 0.02792302443640023, -0.06449768534746053, 0.0011709325840887183, 0.09924819483906168, 0.01179802399416405, -1.4004263806163395, -0.5113422150800571, 99813000000, 
-0.06315352639089784, -0.0034065409786320396, -0.06347818430134272, 0.0009868587996998467, 0.09927819907177443, 0.009940337444944833, -1.3973278669214966, -0.5113453913075805, 99844000000, 
-0.05466706367142059, 0.0008274544905475033, -0.05681746609009735, 0.0010108494354498503, 0.09929744509090851, 0.01018001454644075, -1.3939292123182814, -0.5113476709971208, 99878000000, 
-0.031066340548526823, -0.02222755129325007, -0.037360293420239984, -0.0009107374394928928, 0.09923027396954606, -0.00917802000397983, -1.3903336823371621, -0.511349098774091, 99914000000, 
-0.08009498463286516, 0.0026648480026661417, -0.06963867472496255, -0.0005521949198131588, 0.09937253819586246, -0.005556816096664323, -1.38654027626254, -0.511349751056423, 99952000000, 
-0.05476454445543359, 0.02312986414646852, -0.05840120396116945, 0.0011134654462990935, 0.0994929364240372, 0.011191401986102035, -1.385042414721667, -0.5113503561021665, 99967000000, 
-0.0433843049159871, 0.011790826021030914, -0.0470471003079924, 0.0007943329452035027, 0.09918810838402228, 0.008008348562592991, -1.3793267424458109, -0.5113530369300044, 100024000000, 
-0.06714104329902978, -0.03264182653401437, -0.06222079281897452, -0.00024128257338427254, 0.09907523081178099, -0.00243534707320189, -1.3750317216128598, -0.5113526969929225, 100067000000, 
-0.09167074166401383, -0.027770784264298118, -0.0844614667865264, 2.3603800630409864e-05, 0.0991875225083707, 0.00023797147094200156, -1.3712322579527128, -0.5113514317288891, 100105000000, 
-0.07105946247351616, -0.011385194549258813, -0.07433477211542334, 0.0003478339001094383, 0.09939403561983885, 0.0034995449972454015, -1.3692338842788905, -0.5113508724330658, 100125000000, 
-0.08669998656759877, -0.03355062814352396, -0.08367292340439209, -2.4425380780971527e-05, 0.09929277893630874, -0.00024599352583977094, -1.366734329695573, -0.5113501659619673, 100150000000, 
-0.03713377373244592, 0.033172238277770445, -0.04850908309227778, 0.0004057204454753802, 0.09908769776775242, 0.004094559209825741, -1.3627297240714669, -0.5113487186805336, 100190000000, 
-0.08039318216992725, -0.03347113145606461, -0.07259162281814235, 0.00016934030569471303, 0.09926559323529992, 0.0017059315335305305, -1.3597384000213169, -0.5113475720913546, 100220000000, 
-0.05530537285087266, 0.023284405914133603, -0.05952830936185529, 0.0004831653567129805, 0.09928902932483206, 0.00486625118604258, -1.3564382639689436, -0.5113459198250856, 100253000000, 
-0.07426400412089905, -0.029365078735922298, -0.07065496336547164, 9.045824936785771e-05, 0.0991533705210458, 0.0009123063481604743, -1.3527393114585933, -0.5113438222075811, 100290000000, 
-0.04839010659396582, 0.020036816536862193, -0.05383134151801078, 0.0003994385333416901, 0.09931951536887314, 0.004021752742733123, -1.3497428542076564, -0.5113416472889617, 100320000000, 
-0.04302908436187573, 0.011085329444428737, -0.04566680753646371, 0.00043467683848471563, 0.09942091033580419, 0.004372086686961029, -1.346245544787965, -0.5113389396095087, 100355000000, 
-0.04395138260195775, 0.01642430733277339, -0.04436769231321603, 0.00045839591838023986, 0.09955321997656516, 0.00460453130986769, -1.3430474179345089, -0.5113360023977778, 100387000000, 
-0.07456939540123071, 0.01544778533876118, -0.06717847410273173, 0.00043830157249613024, 0.09947471980899474, 0.004406160412793623, -1.3392427306871035, -0.511331972257568, 100425000000, 
-0.09897152287433483, -0.018113980516916317, -0.0911914413093964, 0.0001888750815536973, 0.09923163597753669, 0.0019033756693929084, -1.33603686386244, -0.5113280518785727, 100457000000, 
-0.027534730329603473, -0.03910261085228079, -0.04309711386314649, -2.837712561413216e-05, 0.0990418727688904, -0.00028651644825364786, -1.3323334203609718, -0.5113230911283, 100494000000, 
-0.055431527041045744, 0.01690238090129257, -0.05241227176536097, 0.0003285713518675991, 0.09948154263210111, 0.0033028373221222485, -1.3298431648371882, -0.51131958875108, 100519000000, 
-0.06705179452928206, -0.005770931450545053, -0.06346581030064581, 0.000262538605049381, 0.09928848405083736, 0.00264419995490068, -1.325638495425799, -0.5113136387797411, 100561000000, 
-0.06035832130976336, -0.01666734521959314, -0.061115545816205846, 0.00017212253594875478, 0.09940509277843029, 0.0017315263346960358, -1.323140844092962, -0.5113097837037399, 100586000000, 
-0.04198277666475594, 0.013077076136274582, -0.046656172110874174, 0.0003482928260490082, 0.0992797397584864, 0.0035081964043850774, -1.3189371777791632, -0.5113030151585445, 100628000000, 
-0.10658127541481145, -0.005938074703910355, -0.09192049576627852, 0.00025084726658061886, 0.09930455906702239, 0.0025260397804225446, -1.315438230048972, -0.5112970805489557, 100663000000, 
-0.02881788241543869, 0.0008102108568582432, -0.04424611022099999, 0.0002897585547345856, 0.09920836614978744, 0.0029207068514473912, -1.3122345218282967, -0.5112912728370903, 100695000000, 
-0.055845154503094005, 0.004586984244859188, -0.05300498686978536, 0.00031759799841541586, 0.0994601539677162, 0.003193218447243759, -1.3091417931162286, -0.5112854048685533, 100726000000, 
-0.06647514718870896, 0.009054674050447844, -0.06317393419002633, 0.00035020122605229685, 0.09926236805306403, 0.0035280361825045826, -1.3045342873339034, -0.5112762326754717, 100772000000, 
-0.025734366931808757, 0.013306356475339391, -0.03488747889690676, 0.0003951009227522243, 0.0994443042973931, 0.003973087504043022, -1.3015368415768307, -0.5112698092360064, 100802000000, 
-0.0697292944471169, 0.02118403204917115, -0.061205183524735876, 0.00045901980933562745, 0.09961776342227883, 0.0046078108317875646, -1.298539248540159, -0.5112630528415056, 100832000000, 
-0.034007453480459464, 0.023790083100701638, -0.0406534282860645, 0.0004861097573112025, 0.09939675123220743, 0.0048906000576977495, -1.294227308008051, -0.5112527991205219, 100875000000, 
-0.03377219284671365, 0.0037327061679777976, -0.035453621014482926, 0.000343191860365526, 0.09966226486231952, 0.003443548677522385, -1.292130995624883, -0.5112474073022039, 100896000000, 
-0.05825424518569189, 0.019179993755887734, -0.05267340791229434, 0.0004107114213608999, 0.09953666376370354, 0.004126232544180043, -1.287725149957932, -0.5112356372801209, 100940000000, 
-0.019995102514527692, 0.005608596327188369, -0.027984448756869992, 0.00031408200796471047, 0.09955368981530628, 0.00315490072289034, -1.2846241539535257, -0.511226873871849, 100971000000, 
-0.04807662482233223, -0.0004930670016711019, -0.04316000582259179, 0.00025763501126176716, 0.09961352077368575, 0.0025863458018625207, -1.2811266337267548, -0.5112165718108563, 101006000000, 
-0.05026935229349486, 0.024004919035851533, -0.04852785112537364, 0.00043269429315950916, 0.09961263737039758, 0.004343769069687289, -1.2780243839363163, -0.5112070852995209, 101037000000, 
-0.06425751220388747, 0.01577237266166953, -0.060408327485618654, 0.000398837718211216, 0.09963863210330491, 0.004002842168665089, -1.2755226558312158, -0.5111992085907983, 101062000000, 
-0.060947483286928415, 0.0006111132787228286, -0.06081108582145981, 0.00027435007065543834, 0.09936352416682229, 0.002761074277063982, -1.271814130104515, -0.5111871479776724, 101099000000, 
-0.06174654144647516, 0.04496915045207284, -0.06151111260301483, 0.0005799575365098834, 0.09930832580011574, 0.005839968923423412, -1.2676083253654729, -0.5111728497107405, 101141000000, 
-0.039436716946450935, 0.001353608988755776, -0.04483138213229125, 0.0003268278616253525, 0.09937370567771633, 0.0032888766640674924, -1.264309289924912, -0.5111611883462797, 101174000000, 
-0.04337159246144195, 0.03945037971129518, -0.04372558567315358, 0.000546806401782494, 0.09961554648899347, 0.00548916731428975, -1.2613121950245696, -0.5111500453928073, 101204000000, 
-0.07059042062736946, 0.018166048532180172, -0.06401474911344904, 0.00042902500165238426, 0.0994655899542143, 0.004313300728924161, -1.2570034998764534, -0.5111335572002732, 101247000000, 
-0.08113709006430297, 0.030541237194807974, -0.07694401444409274, 0.0004948389029206576, 0.0993717712339571, 0.004979672765977249, -1.2533948104707178, -0.5111189292540705, 101283000000, 
-0.04616247755053418, -1.836789507327465e-05, -0.053682669885934134, 0.0002867916438204818, 0.09906400716399894, 0.0028950135577062077, -1.2488828188682586, -0.5110999490087326, 101328000000, 
-0.0309566918240127, -0.0070655518166734795, -0.036511337094823196, 0.00017330021144146976, 0.09939442489084063, 0.0017435606839296645, -1.2458916913251656, -0.511086776017003, 101358000000, 
-0.02596531787321533, -0.02193351033484836, -0.028542749617366504, 2.7538874517118734e-05, 0.09960302623975012, 0.0002764863233254691, -1.2432975873225458, -0.5110751581413815, 101384000000, 
-0.05974579044370857, 0.007305816033355148, -0.05211328900991634, 0.00021203569404649805, 0.09973258810020418, 0.002126042230383711, -1.2412995934036521, -0.511066121484677, 101404000000, 
-0.07370164207906964, 0.019517447398442148, -0.06841797787061847, 0.0003533976344434033, 0.09948347273419576, 0.0035523250720009177, -1.237791342504149, -0.5110502000746302, 101439000000, 
-0.0726947380005844, 0.0035837529807810986, -0.07163865639125758, 0.0002706501497627972, 0.09900161568354204, 0.002733795280957116, -1.2325708047654076, -0.5110260720236667, 101491000000, 
-0.06084387189047525, 0.031306341579865914, -0.06347482510511057, 0.0004525498799001079, 0.09905532258924529, 0.004568657877948726, -1.2280689381912337, -0.5110044441903036, 101536000000, 
-0.06759377622966478, -0.008041425503385661, -0.06658171874447588, 0.00020154322081163053, 0.09923566641065347, 0.0020309554830579926, -1.2248735995380786, -0.5109886813641387, 101568000000, 
-0.02541539378884161, 0.024489712310390793, -0.035475081054475985, 0.0003697082065377995, 0.09914745293083384, 0.00372887245823361, -1.2199698258801697, -0.5109638214276478, 101617000000, 
-0.03330525880064756, 0.01424603127064314, -0.03383110635732767, 0.0003293585490090203, 0.09947050329744958, 0.0033111177493907887, -1.2157807758939387, -0.5109420966896104, 101659000000, 
-0.03568601257606331, -0.010936725234901882, -0.035226930024632064, 0.00013506653432222767, 0.09941564384878482, 0.0013586044317901243, -1.2106810646529051, -0.5109149122740296, 101710000000, 
-0.028798319802183673, -0.010945131681648936, -0.030364190055722145, 9.030555428762597e-05, 0.09938768645406172, 0.0009086191409573294, -1.205181378777109, -0.5108848024689749, 101765000000, 
-0.04415747622114686, -0.01630899601878927, -0.040782553034196235, 4.248556290903548e-05, 0.09966757614376019, 0.0004262726611085078, -1.2030848113510253, -0.5108731865423876, 101786000000, 
-0.05676091439676329, -0.014726726188120218, -0.052849139151385525, 3.909523832822788e-05, 0.09948469022486944, 0.00039297743441588106, -1.199079178742349, -0.5108509208276135, 101826000000, 
-0.06366554586088513, -0.0240740046552116, -0.06101157031095099, -3.320582763248662e-05, 0.09915574839319745, -0.0003348855529869077, -1.1937655600910084, -0.5108213088144035, 101879000000, 
-0.057247094899597055, -0.0252086726044454, -0.0581571639760468, -3.581493354619533e-05, 0.09900243321974124, -0.00036175811423444666, -1.1883582181532162, -0.5107911110123821, 101933000000, 
-0.06490718962084091, -0.026561514896200407, -0.06324430726663405, -2.999689842055454e-05, 0.09893399783432161, -0.00030320111465411933, -1.1826550360545565, -0.5107593639822384, 101990000000, 
-0.04235503707784877, 0.03712272827967637, -0.0474597428690119, 0.00042897554503483205, 0.09929773104591318, 0.0043200941302121276, -1.1796623294137587, -0.5107426713019791, 102020000000, 
-0.05069867718500067, 0.00335592538714536, -0.04990124274575006, -0.0007902810618583584, 0.09937793143640407, -0.007952279247873971, -1.1755647123829789, -0.5107199615034846, 102061000000, 
-0.046328382269177536, 0.0056028610341315, -0.047199160863521356, -0.0013731853567330702, 0.09946838836744581, -0.013805243849537314, -1.172566997297007, -0.5107032177866321, 102091000000, 
-0.07603050974176563, 0.004686384541487787, -0.06897693900294244, -0.0008710080733836964, 0.09950243920222968, -0.008753635391926941, -1.170068411173682, -0.5106898961525235, 102116000000, 
-0.04690428905626908, -0.006408997785299524, -0.05230006281302728, -0.00011216471634932505, 0.0995260856396417, -0.0011269881220431453, -1.1675673569833092, -0.5106773064352621, 102141000000, 
-0.07499090029112891, -0.01967117883499216, -0.06943973260700896, -0.00017404300157256809, 0.09962471062968842, -0.0017469862694959018, -1.1655682892857417, -0.5106676062202765, 102161000000, 
-0.020637012909279377, -0.017808646317336807, -0.03256631696865947, -0.0005433473847239051, 0.09927691781303256, -0.005473048485924865, -1.1610550449382855, -0.5106458533684823, 102206000000, 
-0.048813363701763396, -0.009100190813805066, -0.04483613498509695, -0.0004093806481787478, 0.09955139483919118, -0.0041122542666532655, -1.157462495897267, -0.5106289446228925, 102242000000, 
-0.08611740101303775, -0.005408494576615765, -0.076014993475735, -0.00012884917434247863, 0.0993275084067655, -0.0012972154079896594, -1.152952881758635, -0.5106085121816293, 102287000000, 
-0.08277134146909818, 0.0043199981949188, -0.08111163089051084, -4.736225090450818e-05, 0.0990775246910588, -0.00047803223841322274, -1.1489423217668482, -0.5105909525999679, 102327000000, 
-0.05175240824854231, 0.014409444906195818, -0.05892687291673043, -6.616538866931455e-05, 0.09912909626867833, -0.0006674668806621686, -1.145443073073973, -0.5105757919093666, 102362000000, 
-0.06406594434356558, -0.015127914194162139, -0.06280141483337011, -0.00024616657964989154, 0.09914001691446751, -0.002483019342857994, -1.1409447367685484, -0.5105564144038682, 102407000000, 
-0.07224731219744512, -0.011741854270535347, -0.06992855831312933, -0.00022355128198162227, 0.0990890093822454, -0.002256065363609113, -1.1363415660270269, -0.5105368036479893, 102453000000, 
-0.06938519599017355, 0.0006869461226233736, -0.06951178405638463, -0.000128024746204428, 0.09914686358163524, -0.0012912637029512826, -1.1326419550552855, -0.5105214384914036, 102490000000, 
-0.04373630638196673, -0.0125321511049384, -0.050030944235931886, -0.00020903265147623852, 0.09903487932623223, -0.002110697290675349, -1.1277377722635675, -0.5105014594342243, 102539000000, 
-0.06316142168306461, -0.03342773845320783, -0.059937756947309725, -0.00039923811947984155, 0.09903647314043885, -0.004031223112253818, -1.1216371597546049, -0.5104770986272489, 102600000000, 
-0.04497383184839204, -0.005365084584056422, -0.04862399266383327, -0.00023916794274215236, 0.09907306791120302, -0.0024140560879422172, -1.116536320893842, -0.5104574765155414, 102651000000, 
-0.07135403190799817, -0.02022946318542629, -0.06578580202401291, -0.00029268184374244525, 0.09915184279044968, -0.0029518548067836454, -1.1114372670590205, -0.5104388318717059, 102702000000, 
-0.05268115835558328, 0.01869056472376086, -0.05587734839441422, -1.2402373825165316e-05, 0.09901410273007459, -0.00012525865996054937, -1.1066322775274215, -0.5104218099888971, 102750000000, 
-0.05187623497004952, -0.015299403835002834, -0.052844579682388475, -0.00020698636065710855, 0.09903648044761505, -0.0020900011765522418, -1.101234401870591, -0.510403348529526, 102804000000, 
-0.03828944725781748, -0.01486575350981312, -0.04184164450945774, -0.0002497556576679901, 0.09921634126740526, -0.002517283488562184, -1.0965401663461831, -0.5103874476960153, 102851000000, 
-0.047617351081976386, 0.00111157411709762, -0.04619162844855626, -0.0001214299764948106, 0.09905414570807078, -0.0012258949448989763, -1.0893339301959286, -0.5103637335875005, 102923000000, 
-0.07331103945782809, 0.01654862673688348, -0.06665861739895704, 1.8044938994575117e-05, 0.0987374274520011, 0.00018275682747909594, -1.0812145912175033, -0.5103382392543823, 103004000000, 
-0.06028967987334116, 0.010217694543034938, -0.061834171397124785, 2.283005184805598e-05, 0.0988171499090127, 0.00023103329603289585, -1.075712278280981, -0.5103213613466754, 103059000000, 
-0.06558922991087962, 0.0294556117997947, -0.06466002593063196, 0.00016008756275706165, 0.09893854410720763, 0.0016180505201652683, -1.0706154445837486, -0.510305626753461, 103110000000, 
-0.046287729640141495, -0.004507290916825321, -0.05077936133739808, -5.1123653935115346e-05, 0.09950015821597682, -0.0005138047501808533, -1.0690204482517498, -0.5103006935184166, 103126000000, 
-0.05184635026710231, -0.0022345679353964628, -0.0515761406870719, -9.386770844276519e-05, 0.09916021645186163, -0.0009466266997141365, -1.0632071700121903, -0.5102825518254043, 103184000000, 
-0.05994763081101375, 0.008281832907774662, -0.057886159363993946, -2.7941204337787192e-05, 0.09892126007530049, -0.00028245904183304873, -1.05649597406538, -0.510261826937503, 103251000000, 
-0.08952416457282344, -0.02222077429500242, -0.08177431308823248, -0.00020462829289600229, 0.09889548277522148, -0.0020691369024518525, -1.0510916170252358, -0.5102454828087318, 103305000000, 
-0.05868858837692966, 0.024285947215416357, -0.06432663229241796, 8.745490889435089e-05, 0.09894170125349785, 0.0008839034278406359, -1.0470915360113882, -0.5102334560424284, 103345000000, 
-0.0552106215157068, -0.03414324364748071, -0.05742993655016539, -0.0002906639084857815, 0.09894198007742039, -0.0029377207557231217, -1.0419946620303768, -0.5102185271200925, 103396000000, 
-0.05122206132917192, -0.00433783034300064, -0.052733336295701566, -0.00016753647302785704, 0.09917634304789454, -0.0016892785908323906, -1.0378023853212472, -0.5102062116832613, 103438000000, 
